[{"userAcceleration": {"x": "-0.204599", "y": "-0.530513", "z": "-0.135386"}, "timestamp": 0.6645339999995485, "attitude": {"yaw": "-1.576002", "roll": "-1.490317", "pitch": "-0.298698"}}, {"timestamp": 0.6846718333326862, "attitude": {"yaw": "-1.591714", "roll": "-1.552328", "pitch": "-0.326459"}, "userAcceleration": {"y": "-0.626141", "z": "-0.001399", "x": "-0.183028"}}, {"attitude": {"pitch": "-0.355525", "roll": "-1.615408", "yaw": "-1.603507"}, "userAcceleration": {"y": "-0.628188", "z": "0.040346", "x": "-0.183250"}, "timestamp": 0.7048088333322085}, {"timestamp": 0.7249468333320692, "attitude": {"roll": "-1.678183", "pitch": "-0.386363", "yaw": "-1.609037"}, "userAcceleration": {"y": "-0.607306", "z": "0.012583", "x": "-0.204645"}}, {"userAcceleration": {"y": "-0.517026", "z": "-0.093029", "x": "-0.182415"}, "timestamp": 0.7450838333334104, "attitude": {"roll": "-1.738575", "pitch": "-0.420482", "yaw": "-1.601068"}}, {"userAcceleration": {"y": "-0.453803", "z": "-0.046581", "x": "-0.164101"}, "timestamp": 0.7652218333332712, "attitude": {"yaw": "-1.584723", "pitch": "-0.456816", "roll": "-1.800552"}}, {"attitude": {"yaw": "-1.575329", "pitch": "-0.490720", "roll": "-1.875021"}, "userAcceleration": {"x": "-0.117889", "y": "-0.596978", "z": "-0.027189"}, "timestamp": 0.7853588333327934}, {"attitude": {"pitch": "-0.518730", "yaw": "-1.573511", "roll": "-1.966675"}, "userAcceleration": {"x": "-0.155474", "z": "-0.060446", "y": "-0.595600"}, "timestamp": 0.8054958333323157}, {"userAcceleration": {"x": "-0.192503", "y": "-0.530640", "z": "-0.153017"}, "timestamp": 0.8256338333321764, "attitude": {"pitch": "-0.541435", "roll": "-2.072835", "yaw": "-1.566239"}}, {"attitude": {"roll": "-2.191189", "yaw": "-1.546887", "pitch": "-0.560339"}, "userAcceleration": {"x": "-0.084764", "z": "-0.139942", "y": "-0.558664"}, "timestamp": 0.8457708333335177}, {"userAcceleration": {"y": "-0.621439", "z": "0.032788", "x": "0.109983"}, "attitude": {"roll": "-2.318010", "yaw": "-1.509724", "pitch": "-0.581484"}, "timestamp": 0.8659088333333784}, {"userAcceleration": {"x": "0.250014", "z": "0.285603", "y": "-0.825505"}, "attitude": {"yaw": "-1.457702", "roll": "-2.451927", "pitch": "-0.603385"}, "timestamp": 0.8860458333329007}, {"timestamp": 0.9061828333324229, "userAcceleration": {"y": "-0.935836", "z": "0.427962", "x": "0.347840"}, "attitude": {"yaw": "-1.385617", "pitch": "-0.633891", "roll": "-2.584358"}}, {"timestamp": 0.9263208333322837, "userAcceleration": {"x": "0.366652", "y": "-0.971993", "z": "0.624095"}, "attitude": {"pitch": "-0.679725", "yaw": "-1.288888", "roll": "-2.705608"}}, {"userAcceleration": {"x": "0.323488", "z": "0.876287", "y": "-1.077207"}, "attitude": {"pitch": "-0.747625", "roll": "-2.807559", "yaw": "-1.165795"}, "timestamp": 0.9464578333336249}, {"attitude": {"pitch": "-0.833900", "roll": "-2.882350", "yaw": "-1.014791"}, "timestamp": 0.9665958333334856, "userAcceleration": {"x": "0.310555", "y": "-1.258548", "z": "1.381239"}}, {"attitude": {"roll": "-2.908356", "yaw": "-0.818684", "pitch": "-0.932742"}, "timestamp": 0.9867328333330079, "userAcceleration": {"y": "-1.510242", "z": "2.055031", "x": "0.256106"}}, {"attitude": {"yaw": "-0.520234", "pitch": "-1.032230", "roll": "-2.823890"}, "userAcceleration": {"z": "2.941198", "x": "0.185706", "y": "-1.630250"}, "timestamp": 1.00686983333253}, {"userAcceleration": {"x": "0.420438", "y": "-1.257148", "z": "4.066890"}, "timestamp": 1.0270078333323909, "attitude": {"yaw": "-0.031477", "pitch": "-1.070136", "roll": "-2.532764"}}, {"timestamp": 1.047144833333732, "attitude": {"pitch": "-0.930487", "yaw": "0.541745", "roll": "-2.102352"}, "userAcceleration": {"y": "0.524886", "x": "1.606668", "z": "5.556012"}}, {"timestamp": 1.0672828333335929, "attitude": {"yaw": "0.954678", "roll": "-1.750536", "pitch": "-0.598171"}, "userAcceleration": {"z": "6.277256", "x": "3.781057", "y": "0.633951"}}, {"attitude": {"roll": "-1.493338", "pitch": "-0.155336", "yaw": "1.132989"}, "timestamp": 1.087419833333115, "userAcceleration": {"y": "0.914029", "z": "6.420840", "x": "7.266766"}}, {"timestamp": 1.1075568333326373, "attitude": {"roll": "-1.070313", "yaw": "1.022204", "pitch": "0.280281"}, "userAcceleration": {"z": "4.865894", "x": "12.542074", "y": "-0.902497"}}, {"userAcceleration": {"y": "-5.667040", "z": "2.215029", "x": "17.119499"}, "attitude": {"pitch": "0.286827", "yaw": "0.575563", "roll": "-0.336458"}, "timestamp": 1.127694833332498}, {"timestamp": 1.1478318333320203, "attitude": {"yaw": "0.294377", "roll": "0.247094", "pitch": "-0.250650"}, "userAcceleration": {"x": "17.718439", "y": "-13.923525", "z": "-3.375812"}}, {"timestamp": 1.1679698333337, "attitude": {"pitch": "-0.652778", "roll": "0.680556", "yaw": "0.644218"}, "userAcceleration": {"y": "-2.381123", "z": "15.871683", "x": "5.267203"}}, {"userAcceleration": {"z": "8.449612", "x": "7.472495", "y": "1.263463"}, "attitude": {"pitch": "-0.534198", "yaw": "0.980589", "roll": "1.147437"}, "timestamp": 1.1881068333332223}, {"userAcceleration": {"z": "5.264089", "y": "-3.871571", "x": "10.781391"}, "timestamp": 1.2082438333327445, "attitude": {"roll": "1.435153", "yaw": "1.236356", "pitch": "-0.346592"}}, {"userAcceleration": {"z": "1.911363", "x": "11.836767", "y": "1.300999"}, "timestamp": 1.2283818333326053, "attitude": {"pitch": "-0.133971", "yaw": "1.331161", "roll": "1.549946"}}, {"attitude": {"yaw": "1.298317", "pitch": "0.071340", "roll": "1.598754"}, "userAcceleration": {"y": "2.878103", "z": "-0.162892", "x": "10.472874"}, "timestamp": 1.2485188333321275}, {"timestamp": 1.2686568333319883, "userAcceleration": {"z": "-1.432265", "x": "8.013738", "y": "5.107109"}, "attitude": {"roll": "1.645914", "pitch": "0.252027", "yaw": "1.216265"}}, {"userAcceleration": {"y": "4.800839", "x": "6.549105", "z": "-2.655035"}, "attitude": {"pitch": "0.434046", "yaw": "1.058290", "roll": "1.747334"}, "timestamp": 1.2887938333333295}, {"timestamp": 1.3089308333328518, "userAcceleration": {"z": "-2.709670", "x": "5.130753", "y": "1.127223"}, "attitude": {"pitch": "0.621218", "yaw": "0.925756", "roll": "1.860972"}}, {"userAcceleration": {"z": "-2.683943", "x": "4.300221", "y": "-0.721753"}, "attitude": {"yaw": "0.909273", "roll": "1.899902", "pitch": "0.818209"}, "timestamp": 1.3290688333327125}, {"attitude": {"yaw": "0.925195", "roll": "1.866890", "pitch": "0.989150"}, "timestamp": 1.3492058333322348, "userAcceleration": {"z": "-2.315795", "x": "3.754216", "y": "1.509952"}}, {"userAcceleration": {"x": "2.387474", "z": "-1.519415", "y": "2.397896"}, "timestamp": 1.3693438333320955, "attitude": {"yaw": "0.920225", "pitch": "1.121808", "roll": "1.821692"}}, {"userAcceleration": {"z": "-1.179495", "x": "1.217621", "y": "1.315264"}, "timestamp": 1.3894808333334367, "attitude": {"yaw": "0.929390", "pitch": "1.217272", "roll": "1.770517"}}, {"userAcceleration": {"y": "1.269364", "z": "-0.687125", "x": "1.226751"}, "timestamp": 1.409617833332959, "attitude": {"pitch": "1.273759", "yaw": "0.978918", "roll": "1.663855"}}, {"timestamp": 1.4297558333328197, "attitude": {"yaw": "1.076460", "roll": "1.496760", "pitch": "1.287930"}, "userAcceleration": {"z": "-0.348740", "x": "0.659186", "y": "1.278054"}}, {"attitude": {"pitch": "1.263878", "yaw": "1.178728", "roll": "1.322025"}, "userAcceleration": {"y": "1.194114", "x": "0.324167", "z": "0.050324"}, "timestamp": 1.449892833332342}, {"attitude": {"yaw": "1.251762", "roll": "1.173924", "pitch": "1.205601"}, "timestamp": 1.4700308333322027, "userAcceleration": {"x": "0.287036", "y": "0.880114", "z": "0.469481"}}, {"timestamp": 1.490167833333544, "attitude": {"roll": "1.071679", "pitch": "1.118075", "yaw": "1.278587"}, "userAcceleration": {"x": "0.194027", "z": "0.800174", "y": "0.627257"}}, {"timestamp": 1.5103058333334047, "userAcceleration": {"y": "0.444387", "x": "0.102631", "z": "0.904923"}, "attitude": {"roll": "1.009409", "yaw": "1.267571", "pitch": "1.011792"}}, {"attitude": {"roll": "0.974334", "yaw": "1.231460", "pitch": "0.896280"}, "userAcceleration": {"y": "0.225162", "z": "0.867422", "x": "0.104426"}, "timestamp": 1.530442833332927}, {"userAcceleration": {"z": "0.864782", "x": "0.242054", "y": "-0.006258"}, "timestamp": 1.5505798333324492, "attitude": {"pitch": "0.784254", "roll": "0.956298", "yaw": "1.176855"}}, {"attitude": {"roll": "0.955564", "pitch": "0.683171", "yaw": "1.104984"}, "timestamp": 1.57071783333231, "userAcceleration": {"y": "-0.201615", "z": "1.001180", "x": "0.278378"}}, {"attitude": {"roll": "0.971622", "yaw": "1.015704", "pitch": "0.599766"}, "timestamp": 1.5908548333336512, "userAcceleration": {"x": "0.164092", "y": "-0.369084", "z": "0.762117"}}, {"timestamp": 1.610992833333512, "attitude": {"yaw": "0.927979", "roll": "0.990502", "pitch": "0.523941"}, "userAcceleration": {"z": "0.651541", "y": "-0.222726", "x": "0.333548"}}, {"attitude": {"pitch": "0.448186", "yaw": "0.853637", "roll": "0.996360"}, "timestamp": 1.6311298333330342, "userAcceleration": {"x": "0.428244", "y": "-0.844943", "z": "0.672679"}}, {"userAcceleration": {"y": "-0.142155", "z": "0.407800", "x": "0.501089"}, "timestamp": 1.6512668333325564, "attitude": {"yaw": "0.772114", "roll": "0.994121", "pitch": "0.384146"}}]