[{"userAcceleration": {"x": "0.276552", "y": "-0.001025", "z": "0.434609"}, "timestamp": 0.060410999998566695, "attitude": {"yaw": "2.806874", "roll": "-1.615586", "pitch": "0.173164"}}, {"userAcceleration": {"z": "0.437949", "x": "0.279955", "y": "-0.153393"}, "timestamp": 0.08054899999842746, "attitude": {"roll": "-1.589359", "yaw": "2.791545", "pitch": "0.106543"}}, {"timestamp": 0.10068599999976868, "attitude": {"pitch": "0.035310", "yaw": "2.775345", "roll": "-1.567872"}, "userAcceleration": {"y": "-0.302222", "z": "0.228097", "x": "0.302900"}}, {"timestamp": 0.12082299999929091, "attitude": {"pitch": "-0.044084", "yaw": "2.759496", "roll": "-1.558494"}, "userAcceleration": {"x": "0.385656", "y": "-0.181963", "z": "0.180778"}}, {"timestamp": 0.14095999999881315, "attitude": {"yaw": "2.755121", "pitch": "-0.129704", "roll": "-1.565285"}, "userAcceleration": {"y": "0.008065", "x": "0.272622", "z": "-0.028685"}}, {"userAcceleration": {"y": "0.221766", "x": "0.044308", "z": "0.022978"}, "attitude": {"pitch": "-0.212898", "yaw": "2.763673", "roll": "-1.575216"}, "timestamp": 0.1610979999986739}, {"timestamp": 0.18123500000001513, "attitude": {"roll": "-1.593373", "pitch": "-0.286004", "yaw": "2.779636"}, "userAcceleration": {"x": "-0.230227", "y": "0.155577", "z": "0.053248"}}, {"attitude": {"pitch": "-0.359215", "yaw": "2.786028", "roll": "-1.626766"}, "timestamp": 0.20137199999953737, "userAcceleration": {"x": "-0.520783", "z": "0.375059", "y": "0.062447"}}, {"attitude": {"roll": "-1.670269", "yaw": "2.780267", "pitch": "-0.431677"}, "userAcceleration": {"x": "-1.275470", "y": "0.188386", "z": "0.591426"}, "timestamp": 0.2215089999990596}, {"userAcceleration": {"z": "0.653341", "x": "-1.410654", "y": "0.431413"}, "attitude": {"yaw": "2.781903", "pitch": "-0.499049", "roll": "-1.710883"}, "timestamp": 0.24164599999858183}, {"timestamp": 0.2617839999984426, "userAcceleration": {"z": "0.635364", "x": "-1.252474", "y": "0.586511"}, "attitude": {"roll": "-1.755535", "pitch": "-0.563382", "yaw": "2.800496"}}, {"attitude": {"pitch": "-0.627595", "yaw": "2.824857", "roll": "-1.807633"}, "userAcceleration": {"x": "-1.290134", "y": "0.341374", "z": "0.787819"}, "timestamp": 0.2819209999997838}, {"attitude": {"yaw": "2.845820", "roll": "-1.869435", "pitch": "-0.695659"}, "timestamp": 0.30205799999930605, "userAcceleration": {"y": "0.261163", "x": "-1.096560", "z": "0.837671"}}, {"attitude": {"pitch": "-0.761950", "yaw": "2.855701", "roll": "-1.954026"}, "timestamp": 0.3221949999988283, "userAcceleration": {"z": "0.840482", "y": "0.627980", "x": "-0.740946"}}, {"userAcceleration": {"y": "0.834219", "z": "0.770597", "x": "-0.800724"}, "attitude": {"roll": "-2.076953", "pitch": "-0.811190", "yaw": "2.844104"}, "timestamp": 0.34233299999868905}, {"attitude": {"pitch": "-0.836330", "yaw": "2.823149", "roll": "-2.227511"}, "userAcceleration": {"x": "-0.725829", "y": "0.754577", "z": "0.555619"}, "timestamp": 0.3624699999982113}, {"userAcceleration": {"z": "0.470543", "y": "0.631139", "x": "-0.389756"}, "timestamp": 0.3826069999995525, "attitude": {"pitch": "-0.849440", "yaw": "2.848361", "roll": "-2.367690"}}, {"timestamp": 0.40274399999907473, "attitude": {"roll": "-2.452961", "yaw": "2.960451", "pitch": "-0.890440"}, "userAcceleration": {"z": "0.794543", "y": "0.075084", "x": "-0.140979"}}, {"timestamp": 0.4228819999989355, "userAcceleration": {"x": "0.052368", "y": "-0.212393", "z": "1.268772"}, "attitude": {"yaw": "-3.126640", "roll": "-2.464500", "pitch": "-0.975873"}}, {"timestamp": 0.44301899999845773, "attitude": {"yaw": "-2.869971", "roll": "-2.407107", "pitch": "-1.053207"}, "userAcceleration": {"x": "0.268026", "y": "-0.153942", "z": "1.912765"}}, {"attitude": {"roll": "-2.297397", "pitch": "-1.053784", "yaw": "-2.588220"}, "timestamp": 0.46315599999979895, "userAcceleration": {"x": "0.497025", "y": "-0.025672", "z": "2.259719"}}, {"timestamp": 0.4832929999993212, "userAcceleration": {"z": "2.589212", "y": "0.273693", "x": "0.999161"}, "attitude": {"roll": "-2.083468", "pitch": "-0.945952", "yaw": "-2.266458"}}, {"timestamp": 0.5034299999988434, "attitude": {"pitch": "-0.706923", "yaw": "-1.938072", "roll": "-1.780506"}, "userAcceleration": {"z": "3.676687", "x": "1.644279", "y": "1.140114"}}, {"attitude": {"roll": "-1.523895", "pitch": "-0.325861", "yaw": "-1.775214"}, "userAcceleration": {"z": "4.459365", "x": "2.701858", "y": "3.387746"}, "timestamp": 0.5235679999987042}, {"timestamp": 0.5437049999982264, "attitude": {"yaw": "-1.756230", "roll": "-1.265251", "pitch": "-0.019079"}, "userAcceleration": {"z": "6.070839", "y": "4.090694", "x": "5.292270"}}, {"timestamp": 0.5638419999995676, "userAcceleration": {"z": "8.630321", "y": "-1.514408", "x": "8.958597"}, "attitude": {"yaw": "-1.803861", "pitch": "0.177052", "roll": "-1.000461"}}, {"attitude": {"pitch": "0.319993", "yaw": "-1.977928", "roll": "-0.562555"}, "userAcceleration": {"z": "5.233009", "y": "-6.605148", "x": "8.887913"}, "timestamp": 0.5839789999990899}, {"userAcceleration": {"x": "7.832260", "y": "-4.033455", "z": "4.151142"}, "timestamp": 0.6041159999986121, "attitude": {"pitch": "0.320338", "yaw": "-2.178763", "roll": "-0.152710"}}, {"attitude": {"pitch": "0.177340", "yaw": "-2.318805", "roll": "0.127497"}, "userAcceleration": {"z": "3.201531", "x": "4.901698", "y": "-2.340052"}, "timestamp": 0.6242539999984729}, {"timestamp": 0.6443909999998141, "attitude": {"yaw": "-2.309044", "pitch": "-0.046892", "roll": "0.347231"}, "userAcceleration": {"y": "-0.773956", "x": "1.121382", "z": "8.048798"}}, {"attitude": {"pitch": "-0.022177", "yaw": "-2.188958", "roll": "0.556192"}, "userAcceleration": {"y": "0.161083", "x": "3.997077", "z": "3.633273"}, "timestamp": 0.6645279999993363}, {"timestamp": 0.6846649999988585, "attitude": {"pitch": "0.147087", "yaw": "-2.065048", "roll": "0.730520"}, "userAcceleration": {"x": "2.829023", "y": "-0.604908", "z": "5.128890"}}, {"userAcceleration": {"x": "2.679445", "y": "-3.987151", "z": "3.026147"}, "timestamp": 0.7048029999987193, "attitude": {"pitch": "0.252224", "roll": "0.918261", "yaw": "-1.972792"}}, {"attitude": {"yaw": "-1.902464", "pitch": "0.367652", "roll": "1.070214"}, "timestamp": 0.7249399999982415, "userAcceleration": {"z": "1.826160", "x": "3.904773", "y": "-0.340404"}}, {"userAcceleration": {"x": "3.718391", "z": "0.964053", "y": "-1.483332"}, "timestamp": 0.7450769999995828, "attitude": {"pitch": "0.494769", "yaw": "-1.852560", "roll": "1.183343"}}, {"timestamp": 0.7652133749998029, "attitude": {"pitch": "0.561497", "yaw": "-1.809176", "roll": "1.278055"}, "userAcceleration": {"x": "3.202431", "y": "-1.958558", "z": "0.213233"}}, {"timestamp": 0.7853503749993251, "userAcceleration": {"x": "3.505389", "z": "-0.038161", "y": "-0.805398"}, "attitude": {"pitch": "0.619283", "roll": "1.375078", "yaw": "-1.794458"}}, {"timestamp": 0.8054883749991859, "userAcceleration": {"x": "3.694875", "z": "0.096331", "y": "-0.587290"}, "attitude": {"yaw": "-1.826907", "roll": "1.504183", "pitch": "0.675569"}}, {"attitude": {"roll": "1.653568", "yaw": "-1.881581", "pitch": "0.714182"}, "timestamp": 0.8256253749987081, "userAcceleration": {"y": "-1.326004", "z": "0.824978", "x": "4.561822"}}, {"attitude": {"yaw": "-1.892565", "roll": "1.760689", "pitch": "0.740408"}, "timestamp": 0.8457623749982304, "userAcceleration": {"z": "1.197639", "x": "5.010168", "y": "-1.982638"}}, {"timestamp": 0.8658993749995716, "userAcceleration": {"z": "0.315729", "y": "-2.807186", "x": "4.457096"}, "attitude": {"yaw": "-1.797369", "roll": "1.794002", "pitch": "0.771709"}}, {"attitude": {"yaw": "-1.643439", "roll": "1.775113", "pitch": "0.815761"}, "timestamp": 0.8860363749990938, "userAcceleration": {"x": "3.967292", "z": "-0.269511", "y": "-1.381600"}}, {"userAcceleration": {"z": "-0.563363", "y": "0.878702", "x": "3.848855"}, "timestamp": 0.9061743749989546, "attitude": {"roll": "1.737001", "yaw": "-1.547825", "pitch": "0.871670"}}, {"userAcceleration": {"x": "2.779571", "y": "1.627017", "z": "-0.911247"}, "timestamp": 0.9263113749984768, "attitude": {"pitch": "0.947518", "yaw": "-1.536397", "roll": "1.730266"}}, {"attitude": {"yaw": "-1.563666", "pitch": "1.022626", "roll": "1.757514"}, "timestamp": 0.946448374999818, "userAcceleration": {"y": "1.270288", "x": "1.892930", "z": "-0.900862"}}, {"timestamp": 0.9665853749993403, "attitude": {"pitch": "1.086414", "yaw": "-1.575648", "roll": "1.776917"}, "userAcceleration": {"z": "-0.335066", "y": "0.890822", "x": "1.129247"}}, {"attitude": {"roll": "1.783042", "yaw": "-1.576316", "pitch": "1.145553"}, "userAcceleration": {"y": "0.687641", "z": "-0.119283", "x": "0.874303"}, "timestamp": 0.986723374999201}, {"attitude": {"roll": "1.748554", "yaw": "-1.545274", "pitch": "1.205273"}, "userAcceleration": {"y": "0.459511", "z": "-0.049547", "x": "0.775880"}, "timestamp": 1.0068603749987233}, {"userAcceleration": {"x": "0.609619", "z": "0.027142", "y": "0.202072"}, "timestamp": 1.0269973749982455, "attitude": {"roll": "1.607824", "pitch": "1.269821", "yaw": "-1.419214"}}, {"attitude": {"pitch": "1.313527", "yaw": "-1.150056", "roll": "1.330224"}, "userAcceleration": {"x": "0.375842", "z": "-0.041993", "y": "-0.096968"}, "timestamp": 1.0471343749995867}]