[{"timestamp": 0.5437051249991782, "attitude": {"pitch": "-0.873077", "roll": "-1.526690", "yaw": "-0.753780"}, "userAcceleration": {"x": "-0.133239", "y": "-0.414381", "z": "0.187828"}}, {"attitude": {"yaw": "-0.786601", "roll": "-1.606574", "pitch": "-0.935511"}, "userAcceleration": {"y": "-0.371491", "z": "0.022536", "x": "-0.081121"}, "timestamp": 0.563843124999039}, {"userAcceleration": {"x": "-0.086836", "y": "-0.336835", "z": "0.051028"}, "timestamp": 0.5839801250003802, "attitude": {"roll": "-1.690965", "pitch": "-0.996064", "yaw": "-0.816269"}}, {"attitude": {"pitch": "-1.053005", "roll": "-1.800466", "yaw": "-0.865028"}, "userAcceleration": {"y": "-0.362552", "z": "0.123769", "x": "0.002946"}, "timestamp": 0.6041171249999024}, {"attitude": {"pitch": "-1.097797", "yaw": "-0.972006", "roll": "-1.972297"}, "userAcceleration": {"x": "0.033908", "z": "0.195488", "y": "-0.521966"}, "timestamp": 0.6242541249994247}, {"attitude": {"pitch": "-1.121672", "roll": "-2.197908", "yaw": "-1.116896"}, "timestamp": 0.6443911249989469, "userAcceleration": {"x": "0.087144", "y": "-0.592768", "z": "0.221967"}}, {"timestamp": 0.6645291249988077, "attitude": {"pitch": "-1.129012", "roll": "-2.429989", "yaw": "-1.240509"}, "userAcceleration": {"z": "0.067336", "x": "0.160866", "y": "-0.405638"}}, {"attitude": {"pitch": "-1.111860", "yaw": "-1.345692", "roll": "-2.669473"}, "timestamp": 0.6846661250001489, "userAcceleration": {"y": "-0.290644", "z": "0.197645", "x": "0.257707"}}, {"userAcceleration": {"z": "0.591043", "x": "0.187276", "y": "-0.342816"}, "timestamp": 0.7048031249996711, "attitude": {"yaw": "-1.414991", "roll": "-2.891054", "pitch": "-1.066471"}}, {"userAcceleration": {"x": "0.162493", "y": "-0.244238", "z": "0.773074"}, "timestamp": 0.7249401249991934, "attitude": {"pitch": "-1.014562", "yaw": "-1.415895", "roll": "-3.062320"}}, {"userAcceleration": {"y": "0.204193", "x": "0.087219", "z": "0.830432"}, "timestamp": 0.7450771250005346, "attitude": {"roll": "3.099700", "yaw": "-1.352739", "pitch": "-0.983860"}}, {"userAcceleration": {"x": "0.084687", "y": "0.140114", "z": "0.784344"}, "timestamp": 0.7652151250003953, "attitude": {"yaw": "-1.240389", "pitch": "-0.985391", "roll": "3.021258"}}, {"attitude": {"yaw": "-1.089602", "pitch": "-1.009621", "roll": "2.982989"}, "userAcceleration": {"x": "0.141808", "y": "0.107090", "z": "1.116786"}, "timestamp": 0.7853521249999176}, {"timestamp": 0.8054891249994398, "attitude": {"roll": "3.008243", "pitch": "-1.059079", "yaw": "-0.884400"}, "userAcceleration": {"x": "0.138051", "y": "0.020750", "z": "1.342888"}}, {"timestamp": 0.825626124998962, "attitude": {"yaw": "-0.554488", "roll": "-3.109512", "pitch": "-1.135078"}, "userAcceleration": {"y": "0.499790", "x": "0.175205", "z": "1.686661"}}, {"userAcceleration": {"x": "0.441317", "z": "1.932075", "y": "1.349960"}, "attitude": {"yaw": "0.005024", "roll": "-2.686913", "pitch": "-1.183624"}, "timestamp": 0.8457631250003033}, {"timestamp": 0.865901125000164, "userAcceleration": {"x": "1.330800", "z": "2.408147", "y": "1.409015"}, "attitude": {"yaw": "0.635160", "roll": "-2.160338", "pitch": "-1.105194"}}, {"userAcceleration": {"x": "1.722525", "y": "1.205797", "z": "2.797872"}, "timestamp": 0.8860381249996863, "attitude": {"roll": "-1.816048", "pitch": "-0.896589", "yaw": "1.045109"}}, {"timestamp": 0.9061751249992085, "attitude": {"pitch": "-0.609647", "yaw": "1.265479", "roll": "-1.613007"}, "userAcceleration": {"y": "0.959175", "x": "2.286817", "z": "2.953197"}}, {"timestamp": 0.9263121250005497, "attitude": {"roll": "-1.444588", "yaw": "1.358779", "pitch": "-0.275203"}, "userAcceleration": {"z": "3.022016", "x": "2.935398", "y": "0.483430"}}, {"userAcceleration": {"z": "3.100698", "y": "-0.348218", "x": "3.824349"}, "timestamp": 0.9464501250004105, "attitude": {"pitch": "0.064501", "roll": "-1.221546", "yaw": "1.333327"}}, {"attitude": {"pitch": "0.313308", "yaw": "1.178477", "roll": "-0.926971"}, "userAcceleration": {"x": "5.531225", "z": "2.237375", "y": "-2.070393"}, "timestamp": 0.9665871249999327}, {"userAcceleration": {"y": "-3.807296", "x": "7.681546", "z": "-0.157404"}, "timestamp": 0.9867241249994549, "attitude": {"roll": "-0.665999", "pitch": "0.419951", "yaw": "0.928808"}}, {"userAcceleration": {"z": "-1.790855", "x": "4.798925", "y": "-3.747495"}, "attitude": {"yaw": "0.638412", "roll": "-0.453248", "pitch": "0.277142"}, "timestamp": 1.0068611249989772}, {"timestamp": 1.0269981250003184, "attitude": {"yaw": "0.442832", "roll": "-0.222996", "pitch": "-0.299826"}, "userAcceleration": {"x": "0.847272", "y": "-4.100316", "z": "4.533386"}}, {"attitude": {"pitch": "-0.662899", "yaw": "0.521561", "roll": "-0.076491"}, "userAcceleration": {"y": "-2.137209", "x": "2.631018", "z": "10.215274"}, "timestamp": 1.0471361250001792}, {"timestamp": 1.0672731249997014, "userAcceleration": {"x": "4.036197", "z": "0.600074", "y": "6.051601"}, "attitude": {"yaw": "0.881051", "pitch": "-0.614135", "roll": "0.291422"}}, {"timestamp": 1.0874101249992236, "attitude": {"pitch": "-0.570471", "roll": "0.580238", "yaw": "1.206374"}, "userAcceleration": {"z": "3.286477", "y": "-5.859487", "x": "4.314774"}}, {"attitude": {"yaw": "1.414012", "roll": "0.734685", "pitch": "-0.478581"}, "userAcceleration": {"x": "6.036706", "z": "0.467770", "y": "0.577855"}, "timestamp": 1.1075471250005648}, {"timestamp": 1.1276851250004256, "attitude": {"yaw": "1.448438", "roll": "0.795793", "pitch": "-0.325090"}, "userAcceleration": {"z": "-0.861895", "y": "2.978656", "x": "2.624088"}}, {"timestamp": 1.1478221249999478, "attitude": {"roll": "0.829983", "yaw": "1.433089", "pitch": "-0.182858"}, "userAcceleration": {"y": "3.808867", "x": "1.326445", "z": "-1.079772"}}, {"userAcceleration": {"y": "0.573910", "z": "-0.521107", "x": "1.609510"}, "timestamp": 1.16795912499947, "attitude": {"pitch": "-0.090428", "roll": "0.847043", "yaw": "1.408333"}}, {"attitude": {"yaw": "1.356332", "roll": "0.877510", "pitch": "0.014423"}, "timestamp": 1.1880961249989923, "userAcceleration": {"x": "1.497135", "y": "0.515460", "z": "-0.868383"}}, {"attitude": {"pitch": "0.114051", "roll": "0.920210", "yaw": "1.301226"}, "timestamp": 1.2082331250003335, "userAcceleration": {"z": "-0.625256", "x": "1.369521", "y": "-0.492504"}}, {"timestamp": 1.2283711250001943, "userAcceleration": {"x": "1.769214", "z": "-0.628967", "y": "-1.040456"}, "attitude": {"roll": "0.949670", "pitch": "0.191439", "yaw": "1.264368"}}, {"timestamp": 1.2485081249997165, "attitude": {"yaw": "1.247693", "roll": "0.968090", "pitch": "0.243872"}, "userAcceleration": {"y": "-0.788933", "x": "1.617365", "z": "-0.702005"}}, {"attitude": {"roll": "0.984928", "pitch": "0.280601", "yaw": "1.233556"}, "timestamp": 1.2686451249992388, "userAcceleration": {"x": "1.191086", "y": "-0.345595", "z": "-0.832013"}}, {"attitude": {"pitch": "0.318216", "roll": "1.005444", "yaw": "1.200581"}, "userAcceleration": {"y": "0.210578", "z": "-0.903444", "x": "0.987086"}, "timestamp": 1.288782124998761}, {"userAcceleration": {"x": "0.891855", "y": "0.412542", "z": "-0.951899"}, "timestamp": 1.3089201250004407, "attitude": {"yaw": "1.146548", "pitch": "0.358398", "roll": "1.027737"}}, {"userAcceleration": {"x": "0.887044", "y": "0.332288", "z": "-0.866976"}, "timestamp": 1.329056666665565, "attitude": {"yaw": "1.075578", "roll": "1.048353", "pitch": "0.400396"}}, {"attitude": {"pitch": "0.442147", "yaw": "0.992376", "roll": "1.069071"}, "userAcceleration": {"x": "0.821405", "y": "0.257746", "z": "-0.724566"}, "timestamp": 1.3491936666669062}, {"attitude": {"pitch": "0.482171", "yaw": "0.903626", "roll": "1.092992"}, "userAcceleration": {"y": "0.076481", "z": "-0.563633", "x": "0.605172"}, "timestamp": 1.3693306666664284}, {"userAcceleration": {"y": "0.006390", "z": "-0.550336", "x": "0.448343"}, "attitude": {"pitch": "0.521130", "roll": "1.117212", "yaw": "0.813136"}, "timestamp": 1.3894676666659507}, {"userAcceleration": {"y": "-0.034168", "x": "0.349040", "z": "-0.453857"}, "timestamp": 1.4096056666658114, "attitude": {"roll": "1.131798", "yaw": "0.736495", "pitch": "0.555808"}}, {"attitude": {"yaw": "0.686869", "roll": "1.129093", "pitch": "0.582336"}, "timestamp": 1.4297426666671527, "userAcceleration": {"z": "-0.322650", "y": "-0.239528", "x": "0.295422"}}, {"attitude": {"pitch": "0.601556", "yaw": "0.651083", "roll": "1.113693"}, "userAcceleration": {"y": "-0.145912", "z": "-0.350603", "x": "0.192880"}, "timestamp": 1.449879666666675}, {"userAcceleration": {"z": "-0.436590", "x": "0.092417", "y": "0.110104"}, "timestamp": 1.4700166666661971, "attitude": {"yaw": "0.602565", "pitch": "0.624639", "roll": "1.102152"}}, {"userAcceleration": {"z": "-0.457218", "x": "0.091036", "y": "0.052709"}, "attitude": {"yaw": "0.549632", "pitch": "0.650189", "roll": "1.087655"}, "timestamp": 1.490154666666058}, {"userAcceleration": {"x": "0.109563", "y": "-0.121710", "z": "-0.388512"}, "timestamp": 1.5102916666655801, "attitude": {"pitch": "0.672839", "yaw": "0.505009", "roll": "1.061600"}}, {"userAcceleration": {"y": "-0.182989", "z": "-0.307580", "x": "0.065872"}, "attitude": {"roll": "1.022979", "pitch": "0.692268", "yaw": "0.471245"}, "timestamp": 1.5304286666669213}]