[{"attitude": {"roll": "-1.904836", "pitch": "-0.971857", "yaw": "-1.255872"}, "userAcceleration": {"z": "0.176094", "x": "-0.291888", "y": "-0.514777"}, "timestamp": 0.5235672500002693}, {"attitude": {"yaw": "-1.345913", "roll": "-2.032117", "pitch": "-1.022418"}, "timestamp": 0.5437042499997915, "userAcceleration": {"y": "-0.516076", "x": "-0.145800", "z": "0.130470"}}, {"userAcceleration": {"y": "-0.528473", "z": "-0.009012", "x": "0.004285"}, "attitude": {"roll": "-2.183571", "pitch": "-1.064712", "yaw": "-1.449308"}, "timestamp": 0.5638412499993137}, {"timestamp": 0.583978250000655, "attitude": {"pitch": "-1.091943", "roll": "-2.366360", "yaw": "-1.568671"}, "userAcceleration": {"x": "0.122208", "z": "-0.032350", "y": "-0.412411"}}, {"attitude": {"yaw": "-1.693541", "pitch": "-1.099787", "roll": "-2.569268"}, "timestamp": 0.6041152500001772, "userAcceleration": {"x": "0.079704", "y": "-0.421476", "z": "-0.060336"}}, {"timestamp": 0.624253250000038, "attitude": {"pitch": "-1.082829", "roll": "-2.776703", "yaw": "-1.808145"}, "userAcceleration": {"x": "0.151371", "y": "-0.512591", "z": "-0.026390"}}, {"attitude": {"pitch": "-1.050220", "yaw": "-1.884907", "roll": "-2.965351"}, "userAcceleration": {"y": "-0.332697", "z": "-0.082480", "x": "0.327929"}, "timestamp": 0.6443902499995602}, {"attitude": {"pitch": "-1.017668", "yaw": "-1.914462", "roll": "-3.125516"}, "timestamp": 0.6645272499990824, "userAcceleration": {"z": "-0.062607", "x": "0.332588", "y": "-0.169092"}}, {"timestamp": 0.6846642500004236, "attitude": {"roll": "3.022749", "yaw": "-1.902612", "pitch": "-0.987498"}, "userAcceleration": {"y": "-0.166651", "z": "0.131740", "x": "0.397206"}}, {"timestamp": 0.7048022500002844, "userAcceleration": {"y": "-0.191495", "x": "0.471548", "z": "0.416318"}, "attitude": {"roll": "2.909596", "yaw": "-1.854853", "pitch": "-0.961072"}}, {"timestamp": 0.7249392499998066, "userAcceleration": {"y": "-0.164875", "z": "0.684848", "x": "0.420565"}, "attitude": {"roll": "2.814377", "yaw": "-1.777075", "pitch": "-0.946761"}}, {"timestamp": 0.7450762499993289, "attitude": {"pitch": "-0.955672", "yaw": "-1.678018", "roll": "2.734118"}, "userAcceleration": {"z": "0.926943", "y": "-0.095510", "x": "0.351927"}}, {"timestamp": 0.7652132500006701, "attitude": {"yaw": "-1.560553", "pitch": "-0.993904", "roll": "2.670371"}, "userAcceleration": {"z": "1.211409", "x": "0.350750", "y": "-0.123897"}}, {"attitude": {"pitch": "-1.059496", "yaw": "-1.414529", "roll": "2.638998"}, "timestamp": 0.7853502500001923, "userAcceleration": {"x": "0.418809", "z": "1.467042", "y": "0.118980"}}, {"timestamp": 0.8054882500000531, "attitude": {"yaw": "-1.207679", "roll": "2.677001", "pitch": "-1.154380"}, "userAcceleration": {"y": "0.180899", "z": "1.767783", "x": "0.449749"}}, {"timestamp": 0.8256252499995753, "userAcceleration": {"z": "1.993344", "y": "0.792426", "x": "0.661897"}, "attitude": {"roll": "2.931864", "pitch": "-1.260519", "yaw": "-0.797044"}}, {"userAcceleration": {"z": "2.384053", "x": "1.068753", "y": "1.397930"}, "attitude": {"roll": "-2.677156", "pitch": "-1.282015", "yaw": "0.003993"}, "timestamp": 0.8457622499990975}, {"userAcceleration": {"y": "1.298668", "z": "2.866525", "x": "1.689497"}, "attitude": {"roll": "-2.065880", "pitch": "-1.133875", "yaw": "0.704042"}, "timestamp": 0.8658992500004388}, {"timestamp": 0.8860372500002995, "attitude": {"roll": "-1.768435", "pitch": "-0.869091", "yaw": "1.045038"}, "userAcceleration": {"y": "1.125753", "z": "3.223728", "x": "2.104680"}}, {"userAcceleration": {"y": "0.725391", "x": "2.839413", "z": "3.345084"}, "attitude": {"yaw": "1.198100", "pitch": "-0.544602", "roll": "-1.597748"}, "timestamp": 0.9061742499998218}, {"userAcceleration": {"x": "3.476449", "y": "0.138590", "z": "3.424619"}, "attitude": {"roll": "-1.419943", "pitch": "-0.186635", "yaw": "1.231306"}, "timestamp": 0.926311249999344}, {"userAcceleration": {"x": "4.997242", "y": "-1.499040", "z": "3.386863"}, "timestamp": 0.9464482499988662, "attitude": {"pitch": "0.154991", "yaw": "1.159734", "roll": "-1.135286"}}, {"timestamp": 0.9665852500002075, "attitude": {"yaw": "0.945367", "roll": "-0.799061", "pitch": "0.343886"}, "userAcceleration": {"z": "1.647593", "x": "8.378094", "y": "-4.077921"}}, {"timestamp": 0.9867232500000682, "attitude": {"yaw": "0.677584", "roll": "-0.577360", "pitch": "0.375240"}, "userAcceleration": {"z": "-2.271268", "y": "-4.951314", "x": "7.630867"}}, {"userAcceleration": {"z": "1.886255", "x": "1.776433", "y": "-3.175558"}, "attitude": {"pitch": "0.092212", "roll": "-0.323691", "yaw": "0.418795"}, "timestamp": 1.0068602499995905}, {"timestamp": 1.0269972499991127, "attitude": {"yaw": "0.350599", "roll": "-0.124430", "pitch": "-0.519596"}, "userAcceleration": {"z": "9.542736", "x": "2.298937", "y": "-4.698876"}}, {"userAcceleration": {"y": "2.118428", "z": "5.735003", "x": "5.056777"}, "attitude": {"yaw": "0.619892", "roll": "0.146287", "pitch": "-0.658408"}, "timestamp": 1.047134250000454}, {"attitude": {"yaw": "0.983425", "roll": "0.527373", "pitch": "-0.519113"}, "userAcceleration": {"y": "-0.879991", "x": "3.104035", "z": "1.439271"}, "timestamp": 1.0672722500003147}, {"timestamp": 1.087409249999837, "attitude": {"yaw": "1.296206", "roll": "0.780675", "pitch": "-0.409479"}, "userAcceleration": {"y": "-4.861282", "z": "2.489627", "x": "8.392844"}}, {"attitude": {"pitch": "-0.242047", "yaw": "1.451874", "roll": "0.892583"}, "userAcceleration": {"y": "1.683588", "z": "-0.884890", "x": "5.085542"}, "timestamp": 1.1075462499993591}, {"attitude": {"roll": "0.950553", "yaw": "1.491995", "pitch": "-0.058078"}, "timestamp": 1.1276832499988814, "userAcceleration": {"x": "2.702893", "y": "3.628936", "z": "-1.722298"}}, {"attitude": {"roll": "0.967723", "yaw": "1.536147", "pitch": "0.056990"}, "timestamp": 1.1478202500002226, "userAcceleration": {"x": "2.056083", "y": "0.806837", "z": "-0.982343"}}, {"timestamp": 1.1679582500000834, "attitude": {"pitch": "0.155115", "roll": "0.966526", "yaw": "1.558260"}, "userAcceleration": {"y": "0.382079", "z": "-1.389465", "x": "2.102628"}}, {"timestamp": 1.1880952499996056, "attitude": {"roll": "0.972830", "yaw": "1.555236", "pitch": "0.268086"}, "userAcceleration": {"x": "1.901038", "y": "-0.330389", "z": "-1.218667"}}, {"timestamp": 1.2082322499991278, "attitude": {"pitch": "0.363959", "yaw": "1.566529", "roll": "0.978944"}, "userAcceleration": {"x": "1.949705", "y": "-1.125835", "z": "-0.685525"}}, {"timestamp": 1.228369250000469, "attitude": {"pitch": "0.432142", "yaw": "1.596238", "roll": "0.982668"}, "userAcceleration": {"x": "1.763500", "z": "-0.679594", "y": "-0.876944"}}, {"userAcceleration": {"z": "-1.007220", "x": "1.932462", "y": "-0.261030"}, "timestamp": 1.2485072500003298, "attitude": {"roll": "0.985896", "pitch": "0.492755", "yaw": "1.618597"}}, {"timestamp": 1.268644249999852, "attitude": {"pitch": "0.562577", "roll": "0.999343", "yaw": "1.618868"}, "userAcceleration": {"y": "0.241452", "z": "-1.241993", "x": "1.636582"}}, {"timestamp": 1.2887812499993743, "attitude": {"pitch": "0.635200", "yaw": "1.607066", "roll": "1.014034"}, "userAcceleration": {"y": "0.266938", "z": "-1.246658", "x": "1.483382"}}, {"timestamp": 1.3089182499988965, "userAcceleration": {"y": "0.548556", "z": "-1.186804", "x": "1.442062"}, "attitude": {"roll": "1.025399", "pitch": "0.709850", "yaw": "1.580690"}}, {"timestamp": 1.3290552500002377, "attitude": {"roll": "1.042995", "pitch": "0.784862", "yaw": "1.535728"}, "userAcceleration": {"x": "1.080228", "z": "-1.090127", "y": "0.680558"}}, {"attitude": {"yaw": "1.472295", "pitch": "0.860279", "roll": "1.071188"}, "timestamp": 1.3491932500000985, "userAcceleration": {"y": "0.565901", "z": "-0.949921", "x": "0.950048"}}, {"timestamp": 1.3693302499996207, "attitude": {"yaw": "1.402409", "pitch": "0.935143", "roll": "1.105291"}, "userAcceleration": {"x": "0.879916", "z": "-0.770672", "y": "0.414639"}}, {"userAcceleration": {"y": "0.157510", "z": "-0.573954", "x": "0.798924"}, "timestamp": 1.389467249999143, "attitude": {"yaw": "1.352218", "roll": "1.122789", "pitch": "1.002715"}}, {"timestamp": 1.4096047500006534, "attitude": {"yaw": "1.333188", "pitch": "1.058961", "roll": "1.108954"}, "userAcceleration": {"x": "0.720974", "z": "-0.497652", "y": "0.108419"}}, {"attitude": {"yaw": "1.327061", "pitch": "1.106533", "roll": "1.078307"}, "userAcceleration": {"x": "0.590159", "y": "0.336092", "z": "-0.494068"}, "timestamp": 1.4297427500005142}, {"attitude": {"roll": "1.053169", "yaw": "1.312836", "pitch": "1.147362"}, "timestamp": 1.4498797500000364, "userAcceleration": {"x": "0.351095", "z": "-0.418187", "y": "0.483994"}}, {"attitude": {"yaw": "1.291103", "roll": "1.034735", "pitch": "1.181320"}, "timestamp": 1.4700167499995587, "userAcceleration": {"x": "0.264424", "z": "-0.289860", "y": "0.370283"}}, {"attitude": {"pitch": "1.206112", "yaw": "1.264461", "roll": "1.016749"}, "userAcceleration": {"y": "0.200487", "z": "-0.231480", "x": "0.251540"}, "timestamp": 1.490153749999081}, {"attitude": {"pitch": "1.220777", "yaw": "1.242306", "roll": "0.991616"}, "timestamp": 1.5102907500004221, "userAcceleration": {"y": "0.052815", "z": "-0.177985", "x": "0.150967"}}]