[{"timestamp": 0.24164899999959744, "attitude": {"roll": "-1.202648", "pitch": "-0.241779", "yaw": "-0.754860"}, "userAcceleration": {"y": "-0.846760", "x": "-0.115123", "z": "-0.216558"}}, {"userAcceleration": {"y": "-0.779665", "z": "-0.153626", "x": "-0.149793"}, "timestamp": 0.26178599999911967, "attitude": {"yaw": "-0.797016", "pitch": "-0.273732", "roll": "-1.275458"}}, {"attitude": {"pitch": "-0.310117", "roll": "-1.348207", "yaw": "-0.841792"}, "userAcceleration": {"z": "-0.122981", "x": "-0.121245", "y": "-0.787058"}, "timestamp": 0.2819229999986419}, {"timestamp": 0.30206100000032166, "attitude": {"yaw": "-0.877897", "roll": "-1.416257", "pitch": "-0.344246"}, "userAcceleration": {"x": "-0.194903", "y": "-0.458093", "z": "-0.166080"}}, {"attitude": {"roll": "-1.479973", "pitch": "-0.374813", "yaw": "-0.899859"}, "timestamp": 0.3221979999998439, "userAcceleration": {"y": "-0.428202", "z": "-0.083307", "x": "-0.271791"}}, {"attitude": {"yaw": "-0.924976", "roll": "-1.549940", "pitch": "-0.403523"}, "userAcceleration": {"z": "-0.084900", "y": "-0.575858", "x": "-0.200466"}, "timestamp": 0.34233599999970465}, {"timestamp": 0.3624729999992269, "attitude": {"pitch": "-0.431882", "yaw": "-0.949848", "roll": "-1.627685"}, "userAcceleration": {"z": "-0.205553", "x": "-0.050077", "y": "-0.815890"}}, {"timestamp": 0.3826099999987491, "attitude": {"yaw": "-0.971051", "pitch": "-0.461108", "roll": "-1.710401"}, "userAcceleration": {"z": "-0.282532", "x": "0.053916", "y": "-0.736521"}}, {"userAcceleration": {"x": "0.063106", "y": "-0.713258", "z": "-0.344111"}, "timestamp": 0.4027479999986099, "attitude": {"pitch": "-0.489777", "yaw": "-0.983826", "roll": "-1.798726"}}, {"attitude": {"pitch": "-0.513169", "roll": "-1.901706", "yaw": "-0.988356"}, "userAcceleration": {"y": "-0.628605", "z": "-0.244678", "x": "0.129242"}, "timestamp": 0.4228849999999511}, {"timestamp": 0.44302199999947334, "attitude": {"yaw": "-0.988731", "roll": "-2.026227", "pitch": "-0.524413"}, "userAcceleration": {"y": "-0.644138", "x": "0.311521", "z": "-0.132404"}}, {"timestamp": 0.4631599999993341, "userAcceleration": {"x": "0.425198", "z": "0.007031", "y": "-0.564036"}, "attitude": {"roll": "-2.168426", "pitch": "-0.522588", "yaw": "-0.976086"}}, {"userAcceleration": {"x": "0.575400", "z": "0.092906", "y": "-0.548294"}, "attitude": {"roll": "-2.321504", "pitch": "-0.510889", "yaw": "-0.937846"}, "timestamp": 0.48329699999885634}, {"attitude": {"yaw": "-0.860047", "roll": "-2.477674", "pitch": "-0.504105"}, "timestamp": 0.5034349999987171, "userAcceleration": {"y": "-0.681281", "x": "0.649511", "z": "0.399360"}}, {"attitude": {"yaw": "-0.739062", "roll": "-2.631873", "pitch": "-0.521508"}, "timestamp": 0.5235720000000583, "userAcceleration": {"x": "0.801046", "y": "-0.948445", "z": "0.775546"}}, {"attitude": {"yaw": "-0.581354", "pitch": "-0.574823", "roll": "-2.778415"}, "userAcceleration": {"z": "1.359804", "y": "-1.146286", "x": "0.902051"}, "timestamp": 0.5437089999995806}, {"attitude": {"yaw": "-0.387083", "pitch": "-0.669123", "roll": "-2.900428"}, "userAcceleration": {"x": "0.915193", "z": "2.213080", "y": "-1.492857"}, "timestamp": 0.5638468333327182}, {"attitude": {"yaw": "-0.127839", "roll": "-2.948950", "pitch": "-0.801033"}, "timestamp": 0.5839838333322405, "userAcceleration": {"y": "-1.630475", "z": "3.448806", "x": "1.056829"}}, {"timestamp": 0.6041218333321012, "attitude": {"yaw": "0.305655", "pitch": "-0.910993", "roll": "-2.793355"}, "userAcceleration": {"z": "5.601810", "y": "-0.908552", "x": "1.340302"}}, {"timestamp": 0.6242588333334425, "attitude": {"yaw": "0.977067", "pitch": "-0.871212", "roll": "-2.325706"}, "userAcceleration": {"x": "2.095912", "y": "0.851513", "z": "8.124169"}}, {"userAcceleration": {"x": "4.291055", "y": "0.588922", "z": "8.337955"}, "timestamp": 0.6443958333329647, "attitude": {"yaw": "1.513183", "pitch": "-0.572124", "roll": "-1.889923"}}, {"attitude": {"roll": "-1.532924", "pitch": "-0.077552", "yaw": "1.670613"}, "userAcceleration": {"x": "9.421329", "z": "7.892532", "y": "0.673792"}, "timestamp": 0.6645338333328255}, {"userAcceleration": {"x": "15.366934", "y": "-2.543787", "z": "6.630822"}, "attitude": {"roll": "-0.905775", "yaw": "1.338165", "pitch": "0.284371"}, "timestamp": 0.6846708333323477}, {"timestamp": 0.7048078333336889, "attitude": {"pitch": "-0.033797", "roll": "-0.142359", "yaw": "0.787736"}, "userAcceleration": {"x": "24.886015", "y": "-7.547081", "z": "2.809433"}}, {"timestamp": 0.7249458333335497, "userAcceleration": {"y": "-13.811488", "x": "11.244349", "z": "6.333180"}, "attitude": {"roll": "0.248757", "pitch": "-0.659410", "yaw": "0.818717"}}, {"timestamp": 0.7450828333330719, "attitude": {"roll": "0.851295", "pitch": "-0.667130", "yaw": "1.320041"}, "userAcceleration": {"x": "7.587055", "y": "2.645534", "z": "17.539509"}}, {"timestamp": 0.7652208333329327, "attitude": {"roll": "1.273200", "pitch": "-0.452815", "yaw": "1.676856"}, "userAcceleration": {"x": "13.192202", "z": "10.705276", "y": "-8.778258"}}, {"timestamp": 0.7853578333324549, "userAcceleration": {"x": "16.072676", "z": "5.724515", "y": "-1.868669"}, "attitude": {"pitch": "-0.220691", "yaw": "1.885544", "roll": "1.475623"}}, {"timestamp": 0.8054948333319771, "userAcceleration": {"x": "13.833433", "y": "4.203175", "z": "2.064787"}, "attitude": {"pitch": "0.056950", "roll": "1.545669", "yaw": "1.893371"}}, {"attitude": {"roll": "1.604190", "pitch": "0.320996", "yaw": "1.833563"}, "userAcceleration": {"z": "-1.238103", "x": "11.708696", "y": "5.853476"}, "timestamp": 0.8256328333336569}, {"attitude": {"yaw": "1.782014", "pitch": "0.565715", "roll": "1.682295"}, "userAcceleration": {"y": "3.226739", "x": "9.053233", "z": "-1.531845"}, "timestamp": 0.8457698333331791}, {"timestamp": 0.8659068333327014, "userAcceleration": {"z": "-1.970121", "x": "8.479157", "y": "1.880858"}, "attitude": {"yaw": "1.757215", "roll": "1.725085", "pitch": "0.789138"}}, {"timestamp": 0.8860448333325621, "attitude": {"pitch": "0.978281", "roll": "1.659431", "yaw": "1.840360"}, "userAcceleration": {"x": "6.111834", "y": "0.854975", "z": "-1.869365"}}, {"attitude": {"pitch": "1.118551", "yaw": "2.005073", "roll": "1.510697"}, "timestamp": 0.9061818333320844, "userAcceleration": {"z": "-1.483061", "x": "3.319662", "y": "1.146279"}}, {"timestamp": 0.9263198333319451, "attitude": {"yaw": "2.181633", "pitch": "1.189352", "roll": "1.313432"}, "userAcceleration": {"y": "2.689404", "z": "-0.854634", "x": "2.232803"}}, {"userAcceleration": {"y": "1.988902", "x": "1.171239", "z": "-0.258667"}, "timestamp": 0.9464568333332863, "attitude": {"roll": "1.102941", "pitch": "1.196712", "yaw": "2.361640"}}, {"attitude": {"pitch": "1.156630", "yaw": "2.485769", "roll": "0.937433"}, "userAcceleration": {"x": "0.910613", "y": "1.272920", "z": "0.186102"}, "timestamp": 0.9665938333328086}, {"userAcceleration": {"y": "1.198401", "z": "0.480875", "x": "0.568512"}, "timestamp": 0.9867318333326693, "attitude": {"yaw": "2.541228", "roll": "0.835624", "pitch": "1.089420"}}, {"timestamp": 1.0068688333321916, "userAcceleration": {"y": "1.050685", "x": "0.282031", "z": "0.637285"}, "attitude": {"roll": "0.788520", "pitch": "1.010709", "yaw": "2.538084"}}, {"userAcceleration": {"x": "0.170105", "y": "1.076053", "z": "0.645490"}, "timestamp": 1.0270058333335328, "attitude": {"pitch": "0.933434", "roll": "0.791601", "yaw": "2.481392"}}, {"attitude": {"pitch": "0.852365", "yaw": "2.401049", "roll": "0.813754"}, "timestamp": 1.0471438333333936, "userAcceleration": {"y": "0.655076", "x": "0.230372", "z": "0.720242"}}, {"userAcceleration": {"z": "0.900728", "y": "0.188747", "x": "0.427877"}, "timestamp": 1.0672808333329158, "attitude": {"pitch": "0.760728", "roll": "0.827663", "yaw": "2.323435"}}, {"attitude": {"yaw": "2.247100", "pitch": "0.664345", "roll": "0.837099"}, "timestamp": 1.0874188333327766, "userAcceleration": {"y": "-0.082675", "z": "0.979583", "x": "0.492097"}}, {"userAcceleration": {"x": "0.388663", "z": "0.806932", "y": "0.033109"}, "attitude": {"yaw": "2.152863", "roll": "0.860640", "pitch": "0.581616"}, "timestamp": 1.1075558333322988}, {"attitude": {"roll": "0.897367", "pitch": "0.521629", "yaw": "2.039203"}, "userAcceleration": {"x": "0.511906", "z": "0.455278", "y": "0.130267"}, "timestamp": 1.12769283333364}, {"attitude": {"yaw": "1.916712", "roll": "0.938272", "pitch": "0.473094"}, "timestamp": 1.1478308333335008, "userAcceleration": {"z": "0.605976", "x": "0.621894", "y": "-0.121582"}}, {"userAcceleration": {"z": "0.760705", "x": "0.627418", "y": "-0.380616"}, "timestamp": 1.167967833333023, "attitude": {"yaw": "1.807527", "roll": "0.972897", "pitch": "0.421789"}}, {"attitude": {"pitch": "0.370538", "yaw": "1.706664", "roll": "0.991135"}, "timestamp": 1.1881058333328838, "userAcceleration": {"z": "0.549294", "x": "0.620264", "y": "-0.881185"}}, {"timestamp": 1.208242833332406, "attitude": {"roll": "0.989343", "pitch": "0.343316", "yaw": "1.597658"}, "userAcceleration": {"x": "0.848706", "y": "-0.427030", "z": "0.369574"}}, {"userAcceleration": {"y": "0.057161", "z": "0.097222", "x": "0.900711"}, "attitude": {"yaw": "1.462737", "pitch": "0.355820", "roll": "0.982719"}, "timestamp": 1.2283798333319282}]