[{"attitude": {"pitch": "-0.687387", "yaw": "-1.844097", "roll": "-1.023603"}, "userAcceleration": {"z": "-0.534112", "y": "-0.624006", "x": "-0.263195"}, "timestamp": 0.8054991250010062}, {"attitude": {"pitch": "-0.709218", "roll": "-1.055667", "yaw": "-1.870561"}, "timestamp": 0.8256361250005284, "userAcceleration": {"z": "-0.614670", "y": "-0.550334", "x": "-0.253137"}}, {"attitude": {"roll": "-1.091128", "pitch": "-0.729073", "yaw": "-1.892325"}, "timestamp": 0.8457741250003892, "userAcceleration": {"x": "-0.206963", "y": "-0.469783", "z": "-0.658804"}}, {"attitude": {"pitch": "-0.744387", "roll": "-1.119734", "yaw": "-1.898663"}, "timestamp": 0.8659111249999114, "userAcceleration": {"y": "-0.461030", "z": "-0.630031", "x": "-0.186997"}}, {"attitude": {"yaw": "-1.893699", "roll": "-1.145320", "pitch": "-0.756610"}, "userAcceleration": {"y": "-0.562254", "z": "-0.392195", "x": "-0.235966"}, "timestamp": 0.8860491250015912}, {"userAcceleration": {"y": "-0.827831", "x": "-0.151078", "z": "-0.376096"}, "timestamp": 0.9061861250011134, "attitude": {"pitch": "-0.773892", "roll": "-1.196792", "yaw": "-1.912420"}}, {"userAcceleration": {"y": "-0.882843", "z": "-0.341048", "x": "-0.228123"}, "attitude": {"pitch": "-0.789595", "roll": "-1.271658", "yaw": "-1.949591"}, "timestamp": 0.9263241250009742}, {"userAcceleration": {"y": "-0.474632", "x": "-0.184215", "z": "-0.493738"}, "timestamp": 0.9464611250004964, "attitude": {"pitch": "-0.793426", "yaw": "-1.945119", "roll": "-1.333867"}}, {"attitude": {"pitch": "-0.791117", "roll": "-1.385103", "yaw": "-1.896711"}, "timestamp": 0.9665991250003572, "userAcceleration": {"z": "-0.359546", "x": "-0.252135", "y": "-0.399402"}}, {"userAcceleration": {"x": "-0.495571", "y": "-0.882752", "z": "-0.097858"}, "timestamp": 0.9867361249998794, "attitude": {"pitch": "-0.787776", "roll": "-1.461000", "yaw": "-1.855274"}}, {"attitude": {"roll": "-1.558585", "pitch": "-0.780956", "yaw": "-1.814145"}, "userAcceleration": {"x": "-0.505083", "y": "-0.923045", "z": "-0.047693"}, "timestamp": 1.0068741250015592}, {"userAcceleration": {"x": "-0.438196", "y": "-0.745705", "z": "-0.127855"}, "timestamp": 1.0270111250010814, "attitude": {"roll": "-1.649607", "pitch": "-0.772779", "yaw": "-1.726668"}}, {"userAcceleration": {"y": "-0.755610", "z": "0.217373", "x": "-0.576530"}, "timestamp": 1.0471491250009421, "attitude": {"pitch": "-0.775386", "roll": "-1.724128", "yaw": "-1.578958"}}, {"userAcceleration": {"y": "-1.133491", "x": "-0.856526", "z": "0.986842"}, "timestamp": 1.0672861250004644, "attitude": {"pitch": "-0.787721", "yaw": "-1.403501", "roll": "-1.796871"}}, {"attitude": {"pitch": "-0.796513", "roll": "-1.878577", "yaw": "-1.231527"}, "timestamp": 1.0874241250003251, "userAcceleration": {"y": "-1.859408", "z": "1.727526", "x": "-1.036717"}}, {"userAcceleration": {"y": "-2.184516", "x": "-1.233325", "z": "2.193973"}, "timestamp": 1.1075611250016664, "attitude": {"yaw": "-1.031250", "roll": "-1.932310", "pitch": "-0.802912"}}, {"userAcceleration": {"x": "-1.322164", "z": "2.496246", "y": "-2.355706"}, "attitude": {"roll": "-1.912960", "pitch": "-0.818217", "yaw": "-0.759273"}, "timestamp": 1.1276991250015271}, {"attitude": {"yaw": "-0.436193", "roll": "-1.827362", "pitch": "-0.819715"}, "userAcceleration": {"x": "-1.042713", "y": "-2.858927", "z": "2.787184"}, "timestamp": 1.1478361250010494}, {"timestamp": 1.1679731250005716, "attitude": {"yaw": "-0.111724", "pitch": "-0.756320", "roll": "-1.686476"}, "userAcceleration": {"y": "-3.232621", "x": "-0.088027", "z": "3.563278"}}, {"attitude": {"pitch": "-0.561639", "yaw": "0.158748", "roll": "-1.478840"}, "userAcceleration": {"y": "-1.935101", "z": "4.303443", "x": "1.470279"}, "timestamp": 1.1881101250000938}, {"attitude": {"yaw": "0.363693", "pitch": "-0.239420", "roll": "-1.211373"}, "timestamp": 1.2082481249999546, "userAcceleration": {"x": "3.174657", "y": "-0.418185", "z": "6.195721"}}, {"timestamp": 1.2283851250012958, "attitude": {"pitch": "0.077973", "yaw": "0.290378", "roll": "-0.863784"}, "userAcceleration": {"z": "4.694039", "y": "-1.415590", "x": "7.486191"}}, {"attitude": {"yaw": "0.126434", "roll": "-0.326007", "pitch": "0.065521"}, "timestamp": 1.2485231250011566, "userAcceleration": {"x": "12.426037", "y": "-5.236131", "z": "2.507643"}}, {"attitude": {"yaw": "0.206444", "pitch": "-0.151397", "roll": "0.156498"}, "userAcceleration": {"y": "-13.702593", "z": "0.193124", "x": "11.090673"}, "timestamp": 1.2686601250006788}, {"timestamp": 1.2887981250005396, "userAcceleration": {"y": "-6.194794", "x": "13.406825", "z": "4.416508"}, "attitude": {"yaw": "0.534936", "roll": "0.647457", "pitch": "-0.445922"}}, {"userAcceleration": {"x": "7.366770", "y": "-5.651103", "z": "10.765841"}, "attitude": {"roll": "1.038581", "pitch": "-0.554317", "yaw": "1.070826"}, "timestamp": 1.3089351250000618}, {"timestamp": 1.3290731249999226, "attitude": {"yaw": "1.039633", "pitch": "-0.167931", "roll": "0.984098"}, "userAcceleration": {"x": "16.339708", "z": "-2.593776", "y": "10.634479"}}, {"timestamp": 1.3492101250012638, "attitude": {"roll": "1.080310", "yaw": "0.948366", "pitch": "0.253270"}, "userAcceleration": {"y": "3.551947", "x": "-2.609731", "z": "-0.442059"}}, {"timestamp": 1.3693481250011246, "attitude": {"yaw": "1.016492", "roll": "1.118028", "pitch": "0.371329"}, "userAcceleration": {"y": "-10.866942", "x": "5.521697", "z": "0.347934"}}, {"timestamp": 1.3894851250006468, "attitude": {"yaw": "1.011156", "roll": "1.175662", "pitch": "0.553092"}, "userAcceleration": {"x": "5.381059", "y": "3.429923", "z": "-3.266942"}}, {"timestamp": 1.409622125000169, "userAcceleration": {"z": "-2.887985", "x": "5.413059", "y": "1.311601"}, "attitude": {"roll": "1.247521", "yaw": "0.965924", "pitch": "0.702929"}}, {"attitude": {"yaw": "0.928896", "roll": "1.299788", "pitch": "0.808350"}, "userAcceleration": {"x": "5.107405", "z": "-3.074712", "y": "0.248738"}, "timestamp": 1.4297601250000298}, {"timestamp": 1.449897125001371, "userAcceleration": {"z": "-2.801663", "x": "4.344058", "y": "1.951504"}, "attitude": {"roll": "1.364274", "yaw": "0.889573", "pitch": "0.895561"}}, {"userAcceleration": {"z": "-2.679493", "y": "2.425940", "x": "3.417965"}, "timestamp": 1.4700351250012318, "attitude": {"yaw": "0.897691", "roll": "1.390426", "pitch": "0.944756"}}, {"userAcceleration": {"x": "3.041667", "z": "-2.468386", "y": "2.944044"}, "attitude": {"pitch": "0.950363", "roll": "1.354535", "yaw": "0.941443"}, "timestamp": 1.490172125000754}, {"attitude": {"pitch": "0.933249", "yaw": "0.963587", "roll": "1.324394"}, "userAcceleration": {"x": "1.584098", "z": "-1.984347", "y": "2.731812"}, "timestamp": 1.5103101250006148}, {"attitude": {"pitch": "0.901249", "roll": "1.315992", "yaw": "0.958803"}, "userAcceleration": {"y": "1.113739", "x": "1.189416", "z": "-1.147735"}, "timestamp": 1.530447125000137}, {"attitude": {"roll": "1.317878", "pitch": "0.860358", "yaw": "0.934912"}, "userAcceleration": {"y": "0.247472", "z": "-0.369371", "x": "1.133978"}, "timestamp": 1.5505851249999978}, {"timestamp": 1.570722125001339, "attitude": {"pitch": "0.814334", "yaw": "0.905772", "roll": "1.322055"}, "userAcceleration": {"z": "0.022592", "x": "0.745659", "y": "0.005268"}}, {"userAcceleration": {"y": "0.199308", "x": "0.455443", "z": "0.024927"}, "timestamp": 1.5908601250011998, "attitude": {"roll": "1.327279", "pitch": "0.770062", "yaw": "0.870971"}}, {"userAcceleration": {"z": "0.012513", "x": "0.188930", "y": "0.203964"}, "timestamp": 1.610997125000722, "attitude": {"pitch": "0.724241", "yaw": "0.831455", "roll": "1.329306"}}, {"userAcceleration": {"x": "-0.039474", "y": "0.179107", "z": "-0.001522"}, "attitude": {"roll": "1.327707", "yaw": "0.781980", "pitch": "0.673392"}, "timestamp": 1.6311351250005828}, {"userAcceleration": {"x": "-0.053152", "z": "-0.110304", "y": "0.213935"}, "attitude": {"pitch": "0.624313", "yaw": "0.726916", "roll": "1.319190"}, "timestamp": 1.651272125000105}, {"userAcceleration": {"y": "0.243153", "z": "0.009199", "x": "-0.117903"}, "attitude": {"roll": "1.298525", "yaw": "0.683382", "pitch": "0.575101"}, "timestamp": 1.6714101249999658}, {"timestamp": 1.691547125001307, "userAcceleration": {"x": "-0.125096", "y": "-0.171842", "z": "0.047150"}, "attitude": {"roll": "1.255001", "pitch": "0.521119", "yaw": "0.666298"}}, {"userAcceleration": {"x": "-0.207387", "z": "0.071918", "y": "-0.195560"}, "attitude": {"roll": "1.194655", "pitch": "0.455581", "yaw": "0.669081"}, "timestamp": 1.7116851250011678}, {"timestamp": 1.73182212500069, "attitude": {"yaw": "0.655279", "pitch": "0.392346", "roll": "1.147408"}, "userAcceleration": {"y": "0.214724", "z": "0.058802", "x": "-0.275745"}}, {"userAcceleration": {"x": "-0.125932", "y": "0.599234", "z": "0.052309"}, "attitude": {"roll": "1.114694", "pitch": "0.352344", "yaw": "0.601239"}, "timestamp": 1.7519601250005508}, {"timestamp": 1.772097125000073, "attitude": {"yaw": "0.519731", "roll": "1.088020", "pitch": "0.337790"}, "userAcceleration": {"y": "0.346052", "x": "0.219198", "z": "-0.195600"}}, {"attitude": {"yaw": "0.452944", "roll": "1.056498", "pitch": "0.317813"}, "timestamp": 1.7922351249999338, "userAcceleration": {"y": "-0.247614", "x": "0.269841", "z": "0.239262"}}]