[{"timestamp": 0, "attitude": {"yaw": "-2.667272", "roll": "-2.416415", "pitch": "-1.134573"}, "userAcceleration": {"y": "1.344928", "z": "3.169329", "x": "-0.631911"}}, {"timestamp": 0.02013699999952223, "userAcceleration": {"x": "0.012916", "y": "1.095628", "z": "3.495836"}, "attitude": {"yaw": "-2.290409", "roll": "-2.208601", "pitch": "-1.103030"}}, {"userAcceleration": {"x": "0.851031", "y": "0.624966", "z": "3.391222"}, "timestamp": 0.04027400000086345, "attitude": {"roll": "-1.879425", "yaw": "-1.886201", "pitch": "-0.902265"}}, {"userAcceleration": {"z": "3.341226", "x": "1.308474", "y": "1.347236"}, "timestamp": 0.06041200000072422, "attitude": {"pitch": "-0.498035", "roll": "-1.492652", "yaw": "-1.619834"}}, {"attitude": {"roll": "-1.346277", "yaw": "-1.631976", "pitch": "-0.088402"}, "userAcceleration": {"y": "4.815522", "z": "5.500028", "x": "3.964365"}, "timestamp": 0.08054900000024645}, {"userAcceleration": {"x": "9.843944", "z": "6.354130", "y": "2.412397"}, "attitude": {"roll": "-1.082459", "pitch": "0.084418", "yaw": "-1.690348"}, "timestamp": 0.10068599999976868}, {"userAcceleration": {"z": "9.318286", "y": "-6.552938", "x": "11.280391"}, "timestamp": 0.12082299999929091, "attitude": {"pitch": "0.179966", "yaw": "-1.915468", "roll": "-0.677204"}}, {"userAcceleration": {"y": "-8.020038", "z": "3.139208", "x": "7.962413"}, "attitude": {"yaw": "-2.223095", "roll": "-0.153483", "pitch": "0.080635"}, "timestamp": 0.14096000000063214}, {"userAcceleration": {"z": "5.909376", "x": "3.790755", "y": "-4.606472"}, "timestamp": 0.16109700000015437, "attitude": {"pitch": "-0.236555", "roll": "0.110426", "yaw": "-2.432899"}}, {"timestamp": 0.18123500000001513, "userAcceleration": {"y": "1.162742", "x": "3.308191", "z": "7.243899"}, "attitude": {"yaw": "-2.367151", "pitch": "-0.321304", "roll": "0.237262"}}, {"attitude": {"pitch": "-0.175137", "yaw": "-2.149170", "roll": "0.420838"}, "userAcceleration": {"y": "4.088056", "z": "5.570522", "x": "2.234396"}, "timestamp": 0.20137199999953737}, {"attitude": {"roll": "0.701079", "pitch": "-0.071046", "yaw": "-1.994186"}, "timestamp": 0.22150891666751704, "userAcceleration": {"y": "-5.354143", "z": "7.165005", "x": "0.558733"}}, {"userAcceleration": {"x": "3.715190", "y": "-2.899003", "z": "4.461781"}, "attitude": {"pitch": "0.028583", "roll": "0.955905", "yaw": "-1.914896"}, "timestamp": 0.24164591666703927}, {"timestamp": 0.2617829166665615, "attitude": {"pitch": "0.201276", "yaw": "-1.839426", "roll": "1.083523"}, "userAcceleration": {"z": "4.591136", "x": "5.804391", "y": "1.517288"}}, {"attitude": {"pitch": "0.303105", "yaw": "-1.811504", "roll": "1.217833"}, "timestamp": 0.28191991666608374, "userAcceleration": {"x": "2.459556", "y": "-2.543770", "z": "1.747784"}}, {"userAcceleration": {"y": "-0.377527", "z": "1.471059", "x": "3.066625"}, "timestamp": 0.3020579166659445, "attitude": {"yaw": "-1.819074", "pitch": "0.396234", "roll": "1.334810"}}, {"timestamp": 0.3221949166672857, "attitude": {"yaw": "-1.864792", "roll": "1.465982", "pitch": "0.493913"}, "userAcceleration": {"y": "-0.863007", "x": "2.677372", "z": "0.826387"}}, {"userAcceleration": {"z": "1.059637", "x": "3.133146", "y": "-1.514812"}, "attitude": {"yaw": "-1.927629", "roll": "1.622561", "pitch": "0.586819"}, "timestamp": 0.34233191666680796}, {"attitude": {"pitch": "0.672957", "roll": "1.786051", "yaw": "-1.995591"}, "timestamp": 0.3624689166663302, "userAcceleration": {"y": "-1.831060", "x": "4.178188", "z": "1.950724"}}, {"timestamp": 0.3826059166658524, "userAcceleration": {"z": "1.468214", "y": "-1.946185", "x": "4.366724"}, "attitude": {"pitch": "0.742786", "yaw": "-2.070146", "roll": "1.971645"}}, {"userAcceleration": {"x": "4.962197", "y": "-2.072451", "z": "1.026289"}, "timestamp": 0.40274291666719364, "attitude": {"pitch": "0.778107", "yaw": "-2.143687", "roll": "2.151250"}}, {"userAcceleration": {"y": "-1.149690", "z": "0.595547", "x": "4.652000"}, "attitude": {"pitch": "0.800379", "yaw": "-2.243895", "roll": "2.333817"}, "timestamp": 0.4228809166670544}, {"attitude": {"pitch": "0.818229", "yaw": "-2.348402", "roll": "2.501166"}, "userAcceleration": {"z": "0.066050", "x": "4.284918", "y": "-1.355360"}, "timestamp": 0.44301791666657664}, {"timestamp": 0.46315491666609887, "attitude": {"roll": "2.647551", "pitch": "0.830136", "yaw": "-2.432609"}, "userAcceleration": {"z": "-0.571597", "x": "3.704108", "y": "-1.488418"}}, {"userAcceleration": {"x": "3.289674", "y": "-1.122557", "z": "-0.778737"}, "attitude": {"pitch": "0.849681", "yaw": "-2.495611", "roll": "2.758833"}, "timestamp": 0.4832919166674401}, {"userAcceleration": {"z": "-0.803304", "x": "2.700429", "y": "-1.011781"}, "timestamp": 0.5034289166669623, "attitude": {"roll": "2.850648", "pitch": "0.884438", "yaw": "-2.543458"}}, {"userAcceleration": {"x": "2.161705", "y": "-0.764799", "z": "-0.327039"}, "attitude": {"roll": "2.935661", "yaw": "-2.586773", "pitch": "0.931205"}, "timestamp": 0.5235659166664846}, {"timestamp": 0.5437039166663453, "attitude": {"pitch": "0.989365", "yaw": "-2.649227", "roll": "3.031750"}, "userAcceleration": {"x": "1.730443", "y": "-0.210236", "z": "0.029178"}}, {"timestamp": 0.5638409166658676, "attitude": {"pitch": "1.062686", "yaw": "-2.732268", "roll": "3.137081"}, "userAcceleration": {"y": "-0.194251", "z": "0.226674", "x": "1.498263"}}, {"userAcceleration": {"y": "-0.329319", "z": "0.228926", "x": "1.250842"}, "timestamp": 0.5839779166672088, "attitude": {"pitch": "1.154687", "yaw": "-2.836959", "roll": "-3.027636"}}, {"attitude": {"pitch": "1.262051", "roll": "-2.852030", "yaw": "-3.008966"}, "userAcceleration": {"z": "0.231934", "y": "-0.193876", "x": "1.000200"}, "timestamp": 0.604114916666731}, {"userAcceleration": {"z": "0.163784", "x": "0.830773", "y": "-0.057284"}, "attitude": {"yaw": "2.937706", "roll": "-2.523672", "pitch": "1.351314"}, "timestamp": 0.6242519166662532}, {"timestamp": 0.6443889166657755, "attitude": {"pitch": "1.404091", "yaw": "2.352316", "roll": "-1.949609"}, "userAcceleration": {"y": "0.206230", "z": "0.208059", "x": "0.659618"}}, {"timestamp": 0.6645269166674552, "attitude": {"pitch": "1.391498", "yaw": "1.736021", "roll": "-1.360944"}, "userAcceleration": {"x": "0.574115", "z": "0.284801", "y": "0.572012"}}, {"timestamp": 0.6846639166669775, "attitude": {"yaw": "1.332422", "pitch": "1.334474", "roll": "-1.006937"}, "userAcceleration": {"z": "0.335321", "y": "0.815803", "x": "0.561106"}}, {"userAcceleration": {"x": "0.489796", "z": "0.337851", "y": "0.761920"}, "timestamp": 0.7048009166664997, "attitude": {"roll": "-0.805032", "pitch": "1.253970", "yaw": "1.065040"}}, {"timestamp": 0.7249379166660219, "userAcceleration": {"x": "0.369148", "y": "0.597414", "z": "0.151188"}, "attitude": {"yaw": "0.882649", "pitch": "1.175505", "roll": "-0.691881"}}, {"attitude": {"yaw": "0.770164", "pitch": "1.115197", "roll": "-0.644530"}, "timestamp": 0.7450749166673631, "userAcceleration": {"z": "0.163267", "y": "0.635684", "x": "0.303410"}}, {"timestamp": 0.7652119166668854, "attitude": {"yaw": "0.711034", "roll": "-0.642534", "pitch": "1.080971"}, "userAcceleration": {"z": "0.213244", "x": "0.293851", "y": "0.716613"}}, {"timestamp": 0.7853499166667461, "userAcceleration": {"z": "0.309788", "x": "0.306098", "y": "0.748594"}, "attitude": {"pitch": "1.068053", "yaw": "0.684260", "roll": "-0.668199"}}, {"attitude": {"pitch": "1.066456", "roll": "-0.706068", "yaw": "0.668514"}, "timestamp": 0.8054869166662684, "userAcceleration": {"x": "0.304890", "y": "0.696951", "z": "0.436684"}}, {"attitude": {"yaw": "0.637421", "roll": "-0.730099", "pitch": "1.069836"}, "timestamp": 0.8256239166657906, "userAcceleration": {"y": "0.635529", "x": "0.279082", "z": "0.541003"}}, {"timestamp": 0.8457609166671318, "userAcceleration": {"x": "0.246092", "z": "0.510344", "y": "0.595681"}, "attitude": {"pitch": "1.085943", "roll": "-0.742211", "yaw": "0.599269"}}, {"timestamp": 0.865897916666654, "attitude": {"yaw": "0.575858", "roll": "-0.761126", "pitch": "1.120620"}, "userAcceleration": {"x": "0.224499", "z": "0.447793", "y": "0.667308"}}, {"userAcceleration": {"y": "0.628544", "x": "0.255931", "z": "0.437870"}, "timestamp": 0.8860349166661763, "attitude": {"roll": "-0.800514", "pitch": "1.174718", "yaw": "0.581100"}}, {"timestamp": 0.906172916666037, "userAcceleration": {"z": "0.469779", "y": "0.425303", "x": "0.361710"}, "attitude": {"roll": "-0.842035", "pitch": "1.234442", "yaw": "0.588273"}}, {"userAcceleration": {"y": "0.229749", "z": "0.380676", "x": "0.469615"}, "attitude": {"roll": "-0.827907", "pitch": "1.291520", "yaw": "0.540581"}, "timestamp": 0.9263099166673783}, {"attitude": {"pitch": "1.352966", "yaw": "0.401199", "roll": "-0.721013"}, "userAcceleration": {"x": "0.560955", "y": "0.096287", "z": "0.208091"}, "timestamp": 0.9464469166669005}, {"userAcceleration": {"y": "0.120708", "x": "0.628182", "z": "0.195356"}, "timestamp": 0.9665839166664227, "attitude": {"pitch": "1.421780", "yaw": "0.160646", "roll": "-0.518936"}}, {"userAcceleration": {"z": "0.173392", "x": "0.582680", "y": "0.304963"}, "attitude": {"roll": "-0.029022", "pitch": "1.486825", "yaw": "-0.373218"}, "timestamp": 0.986720916665945}]