[{"userAcceleration": {"y": "-0.458702", "z": "-0.519349", "x": "0.120109"}, "attitude": {"pitch": "-0.426586", "roll": "-1.035478", "yaw": "-2.224039"}, "timestamp": 1.228388375000577}, {"attitude": {"pitch": "-0.443863", "yaw": "-2.235166", "roll": "-1.050666"}, "userAcceleration": {"z": "-0.503466", "y": "-0.297748", "x": "-0.013542"}, "timestamp": 1.2485253750000993}, {"attitude": {"roll": "-1.062653", "yaw": "-2.235413", "pitch": "-0.458188"}, "timestamp": 1.26866337499996, "userAcceleration": {"z": "-0.492325", "x": "-0.126619", "y": "-0.311540"}}, {"userAcceleration": {"z": "-0.377475", "y": "-0.301241", "x": "-0.162771"}, "attitude": {"roll": "-1.073655", "yaw": "-2.220750", "pitch": "-0.467396"}, "timestamp": 1.2888003749994823}, {"timestamp": 1.308938374999343, "attitude": {"pitch": "-0.479456", "roll": "-1.094791", "yaw": "-2.208582"}, "userAcceleration": {"z": "-0.306891", "x": "-0.153815", "y": "-0.501091"}}, {"userAcceleration": {"x": "-0.105230", "z": "-0.328908", "y": "-0.699495"}, "timestamp": 1.3290753750006843, "attitude": {"pitch": "-0.496412", "yaw": "-2.207384", "roll": "-1.135496"}}, {"attitude": {"roll": "-1.186028", "pitch": "-0.511725", "yaw": "-2.197813"}, "userAcceleration": {"x": "-0.156996", "y": "-0.607373", "z": "-0.434135"}, "timestamp": 1.349213375000545}, {"timestamp": 1.3693503750000673, "attitude": {"pitch": "-0.519976", "yaw": "-2.150750", "roll": "-1.229748"}, "userAcceleration": {"y": "-0.335925", "x": "-0.184487", "z": "-0.412415"}}, {"attitude": {"roll": "-1.269774", "pitch": "-0.530068", "yaw": "-2.078414"}, "timestamp": 1.389488374999928, "userAcceleration": {"x": "-0.337843", "z": "0.027675", "y": "-0.411751"}}, {"userAcceleration": {"z": "0.353284", "x": "-0.555459", "y": "-0.731098"}, "timestamp": 1.4096253749994503, "attitude": {"roll": "-1.322346", "pitch": "-0.547860", "yaw": "-2.009171"}}, {"attitude": {"yaw": "-1.950215", "pitch": "-0.569494", "roll": "-1.397407"}, "timestamp": 1.429763374999311, "userAcceleration": {"z": "0.371291", "x": "-0.658720", "y": "-0.858832"}}, {"userAcceleration": {"x": "-0.561468", "z": "0.149501", "y": "-0.665604"}, "attitude": {"pitch": "-0.590044", "roll": "-1.492621", "yaw": "-1.879927"}, "timestamp": 1.4499003750006523}, {"timestamp": 1.470038375000513, "attitude": {"roll": "-1.606695", "pitch": "-0.612482", "yaw": "-1.786308"}, "userAcceleration": {"x": "-0.472724", "y": "-0.759577", "z": "0.014030"}}, {"timestamp": 1.4901753750000353, "attitude": {"pitch": "-0.638710", "yaw": "-1.661540", "roll": "-1.733145"}, "userAcceleration": {"y": "-0.858734", "z": "0.418110", "x": "-0.572286"}}, {"attitude": {"yaw": "-1.512735", "roll": "-1.860154", "pitch": "-0.668444"}, "userAcceleration": {"y": "-1.207977", "x": "-0.790365", "z": "1.386179"}, "timestamp": 1.510313374999896}, {"timestamp": 1.5304503749994183, "attitude": {"roll": "-1.952486", "yaw": "-1.334666", "pitch": "-0.699611"}, "userAcceleration": {"z": "2.579163", "x": "-1.189380", "y": "-1.723708"}}, {"attitude": {"roll": "-1.974521", "pitch": "-0.734052", "yaw": "-1.114223"}, "timestamp": 1.550588374999279, "userAcceleration": {"y": "-2.353584", "z": "2.675564", "x": "-1.653269"}}, {"userAcceleration": {"y": "-3.121764", "z": "3.420831", "x": "-1.094524"}, "timestamp": 1.5707253750006203, "attitude": {"pitch": "-0.759363", "yaw": "-0.824247", "roll": "-1.898754"}}, {"timestamp": 1.590863375000481, "userAcceleration": {"x": "0.282148", "y": "-3.265980", "z": "3.155803"}, "attitude": {"yaw": "-0.499971", "roll": "-1.738027", "pitch": "-0.701573"}}, {"userAcceleration": {"y": "-0.156068", "x": "1.068575", "z": "5.281394"}, "timestamp": 1.6110003750000033, "attitude": {"pitch": "-0.528823", "yaw": "-0.208730", "roll": "-1.488232"}}, {"attitude": {"roll": "-1.234515", "pitch": "-0.190174", "yaw": "-0.038661"}, "userAcceleration": {"z": "5.239451", "x": "3.740294", "y": "-1.584903"}, "timestamp": 1.631138374999864}, {"userAcceleration": {"y": "0.067059", "x": "7.516897", "z": "4.512144"}, "timestamp": 1.6512753749993863, "attitude": {"pitch": "0.064341", "yaw": "-0.180710", "roll": "-0.848295"}}, {"userAcceleration": {"x": "13.338652", "y": "-6.222980", "z": "2.660160"}, "timestamp": 1.671413374999247, "attitude": {"pitch": "-0.032006", "yaw": "-0.345092", "roll": "-0.302503"}}, {"timestamp": 1.6915513749991078, "userAcceleration": {"z": "2.282955", "x": "11.657873", "y": "-14.391839"}, "attitude": {"pitch": "-0.264558", "yaw": "-0.224474", "roll": "0.146128"}}, {"userAcceleration": {"y": "-1.558232", "x": "14.202637", "z": "4.626023"}, "timestamp": 1.711688375000449, "attitude": {"pitch": "-0.506526", "roll": "0.632677", "yaw": "0.073923"}}, {"attitude": {"pitch": "-0.546417", "roll": "0.960664", "yaw": "0.467542"}, "timestamp": 1.7318263750003098, "userAcceleration": {"y": "-4.033240", "z": "8.428083", "x": "6.858449"}}, {"userAcceleration": {"z": "-2.457166", "x": "13.304464", "y": "8.083373"}, "timestamp": 1.751963374999832, "attitude": {"roll": "0.972232", "yaw": "0.467770", "pitch": "-0.190714"}}, {"attitude": {"pitch": "0.129071", "yaw": "0.437958", "roll": "1.070023"}, "userAcceleration": {"z": "-0.790766", "x": "-0.241588", "y": "0.407934"}, "timestamp": 1.7721013749996928}, {"attitude": {"roll": "1.114183", "pitch": "0.259752", "yaw": "0.496549"}, "timestamp": 1.792238374999215, "userAcceleration": {"y": "-7.751704", "x": "5.249288", "z": "-0.419721"}}, {"attitude": {"pitch": "0.439958", "roll": "1.184030", "yaw": "0.459535"}, "userAcceleration": {"y": "3.025664", "z": "-3.261523", "x": "4.171691"}, "timestamp": 1.8123763749990758}, {"attitude": {"yaw": "0.369489", "pitch": "0.606826", "roll": "1.302755"}, "userAcceleration": {"z": "-2.767946", "x": "3.031922", "y": "1.529018"}, "timestamp": 1.832513375000417}, {"userAcceleration": {"y": "-0.737062", "z": "-2.755864", "x": "3.795191"}, "attitude": {"yaw": "0.302531", "roll": "1.400216", "pitch": "0.722061"}, "timestamp": 1.8526513750002778}, {"timestamp": 1.8727883749998, "attitude": {"yaw": "0.260862", "roll": "1.462056", "pitch": "0.807591"}, "userAcceleration": {"z": "-2.763819", "x": "4.079199", "y": "-1.348329"}}, {"attitude": {"pitch": "0.878137", "yaw": "0.233582", "roll": "1.526235"}, "userAcceleration": {"y": "0.388432", "z": "-2.468516", "x": "3.339694"}, "timestamp": 1.8929263749996608}, {"userAcceleration": {"x": "3.011138", "y": "0.511966", "z": "-1.772496"}, "timestamp": 1.913063374999183, "attitude": {"pitch": "0.919941", "yaw": "0.262142", "roll": "1.538234"}}, {"timestamp": 1.9332013749990438, "attitude": {"roll": "1.509992", "yaw": "0.309085", "pitch": "0.934036"}, "userAcceleration": {"y": "1.654032", "z": "-1.711610", "x": "2.463390"}}, {"attitude": {"pitch": "0.934380", "yaw": "0.293496", "roll": "1.517107"}, "timestamp": 1.953338375000385, "userAcceleration": {"y": "2.284120", "z": "-1.595625", "x": "1.516677"}}, {"userAcceleration": {"x": "1.213565", "y": "1.495970", "z": "-1.069948"}, "timestamp": 1.9734763750002458, "attitude": {"pitch": "0.926153", "yaw": "0.221570", "roll": "1.559169"}}, {"timestamp": 1.993613374999768, "userAcceleration": {"z": "-0.177392", "x": "1.040798", "y": "0.133160"}, "attitude": {"pitch": "0.903115", "yaw": "0.164270", "roll": "1.581777"}}, {"userAcceleration": {"x": "0.796572", "y": "-0.165757", "z": "0.218204"}, "timestamp": 2.0137513749996288, "attitude": {"roll": "1.580055", "yaw": "0.133790", "pitch": "0.870991"}}, {"timestamp": 2.033888374999151, "attitude": {"yaw": "0.118315", "roll": "1.564493", "pitch": "0.833665"}, "userAcceleration": {"z": "0.238459", "x": "0.597058", "y": "-0.076830"}}, {"userAcceleration": {"y": "0.061337", "z": "0.047322", "x": "0.404016"}, "timestamp": 2.0540263749990118, "attitude": {"roll": "1.546963", "yaw": "0.097097", "pitch": "0.789091"}}, {"timestamp": 2.074163375000353, "userAcceleration": {"y": "0.313479", "x": "0.249996", "z": "-0.052238"}, "attitude": {"roll": "1.536455", "yaw": "0.049684", "pitch": "0.742069"}}, {"timestamp": 2.0943013750002137, "attitude": {"yaw": "-0.015361", "pitch": "0.693616", "roll": "1.528833"}, "userAcceleration": {"y": "0.362451", "z": "-0.183883", "x": "0.156665"}}, {"timestamp": 2.114438999999038, "userAcceleration": {"x": "0.079337", "z": "0.085171", "y": "-0.037413"}, "attitude": {"yaw": "-0.062281", "roll": "1.502484", "pitch": "0.646451"}}, {"attitude": {"yaw": "-0.058810", "pitch": "0.591319", "roll": "1.440092"}, "userAcceleration": {"z": "0.170016", "x": "0.002284", "y": "-0.518685"}, "timestamp": 2.134576999998899}, {"attitude": {"yaw": "-0.022749", "roll": "1.361353", "pitch": "0.523737"}, "timestamp": 2.15471400000024, "userAcceleration": {"x": "-0.167986", "z": "0.255287", "y": "-0.477892"}}, {"attitude": {"pitch": "0.456552", "yaw": "-0.011419", "roll": "1.297692"}, "timestamp": 2.174852000000101, "userAcceleration": {"x": "-0.308327", "z": "0.261796", "y": "0.236663"}}, {"userAcceleration": {"z": "-0.161173", "x": "-0.284701", "y": "0.725101"}, "attitude": {"pitch": "0.405943", "roll": "1.260974", "yaw": "-0.055579"}, "timestamp": 2.194988999999623}, {"timestamp": 2.215126999999484, "attitude": {"roll": "1.237217", "pitch": "0.364702", "yaw": "-0.116104"}, "userAcceleration": {"y": "0.221722", "z": "-0.240403", "x": "-0.195720"}}]