[{"userAcceleration": {"z": "-0.553268", "x": "0.001248", "y": "-0.276121"}, "timestamp": 0.14096199999949022, "attitude": {"roll": "-0.951243", "yaw": "-0.174537", "pitch": "-0.350970"}}, {"timestamp": 0.16109999999935098, "userAcceleration": {"y": "-0.278443", "z": "-0.578422", "x": "-0.039112"}, "attitude": {"roll": "-0.947811", "yaw": "-0.185427", "pitch": "-0.363335"}}, {"userAcceleration": {"z": "-0.543919", "y": "-0.477401", "x": "-0.091325"}, "timestamp": 0.18123699999887322, "attitude": {"pitch": "-0.377377", "yaw": "-0.197139", "roll": "-0.946061"}}, {"attitude": {"yaw": "-0.221273", "roll": "-0.952933", "pitch": "-0.399612"}, "timestamp": 0.20137499999873398, "userAcceleration": {"y": "-0.573463", "z": "-0.467491", "x": "-0.147968"}}, {"userAcceleration": {"y": "-0.463509", "x": "-0.261499", "z": "-0.384869"}, "timestamp": 0.2215120000000752, "attitude": {"yaw": "-0.252895", "roll": "-0.966565", "pitch": "-0.426654"}}, {"userAcceleration": {"z": "-0.597525", "y": "-0.257318", "x": "-0.273106"}, "timestamp": 0.24164999999993597, "attitude": {"pitch": "-0.446135", "roll": "-0.982937", "yaw": "-0.270288"}}, {"userAcceleration": {"x": "-0.181809", "y": "-0.213628", "z": "-0.714338"}, "attitude": {"yaw": "-0.260768", "roll": "-0.999691", "pitch": "-0.451449"}, "timestamp": 0.2617869999994582}, {"timestamp": 0.28192499999931897, "userAcceleration": {"y": "-0.415800", "x": "-0.044952", "z": "-0.587076"}, "attitude": {"pitch": "-0.449728", "roll": "-1.029168", "yaw": "-0.233941"}}, {"userAcceleration": {"y": "-0.801484", "z": "-0.225149", "x": "-0.049181"}, "attitude": {"yaw": "-0.216302", "pitch": "-0.453581", "roll": "-1.087011"}, "timestamp": 0.3020619999988412}, {"attitude": {"roll": "-1.174991", "pitch": "-0.462393", "yaw": "-0.211208"}, "userAcceleration": {"x": "-0.044553", "y": "-0.999619", "z": "0.057786"}, "timestamp": 0.32219999999870197}, {"attitude": {"yaw": "-0.168736", "pitch": "-0.459431", "roll": "-1.273521"}, "timestamp": 0.3423370000000432, "userAcceleration": {"x": "0.107754", "y": "-0.533191", "z": "0.125915"}}, {"timestamp": 0.36247499999990396, "userAcceleration": {"y": "-0.139804", "x": "-0.028451", "z": "0.143921"}, "attitude": {"yaw": "-0.034684", "pitch": "-0.450276", "roll": "-1.363983"}}, {"userAcceleration": {"z": "0.868960", "y": "-0.475798", "x": "-0.338686"}, "attitude": {"roll": "-1.460869", "pitch": "-0.467529", "yaw": "0.164948"}, "timestamp": 0.3826119999994262}, {"userAcceleration": {"x": "-0.943509", "y": "-1.930536", "z": "2.240773"}, "attitude": {"yaw": "0.326988", "pitch": "-0.519263", "roll": "-1.591532"}, "timestamp": 0.40274999999928696}, {"attitude": {"yaw": "0.449196", "roll": "-1.749298", "pitch": "-0.580274"}, "userAcceleration": {"y": "-2.252324", "z": "2.258705", "x": "-1.565815"}, "timestamp": 0.4228869999988092}, {"attitude": {"roll": "-1.894194", "pitch": "-0.638006", "yaw": "0.591770"}, "userAcceleration": {"x": "-1.542616", "y": "-1.514494", "z": "2.727787"}, "timestamp": 0.44302499999866995}, {"userAcceleration": {"z": "3.858318", "x": "-2.394292", "y": "-2.258278"}, "timestamp": 0.4631620000000112, "attitude": {"roll": "-1.948192", "yaw": "0.785237", "pitch": "-0.705300"}}, {"attitude": {"yaw": "1.033933", "roll": "-1.910267", "pitch": "-0.750945"}, "userAcceleration": {"x": "-1.373404", "z": "3.007471", "y": "-3.507769"}, "timestamp": 0.4832989999995334}, {"attitude": {"roll": "-1.740378", "yaw": "1.350908", "pitch": "-0.707210"}, "timestamp": 0.5034369999993942, "userAcceleration": {"x": "0.004888", "y": "-4.423016", "z": "3.148179"}}, {"userAcceleration": {"x": "1.634998", "z": "4.949260", "y": "0.307726"}, "attitude": {"roll": "-1.446548", "yaw": "1.691936", "pitch": "-0.528502"}, "timestamp": 0.5235739999989164}, {"attitude": {"pitch": "-0.172630", "roll": "-1.195868", "yaw": "1.836723"}, "userAcceleration": {"y": "-1.813162", "x": "3.956788", "z": "4.338958"}, "timestamp": 0.5437119999987772}, {"userAcceleration": {"z": "4.649507", "x": "7.874076", "y": "-0.258865"}, "timestamp": 0.5638490000001184, "attitude": {"yaw": "1.666153", "roll": "-0.771368", "pitch": "0.064759"}}, {"attitude": {"pitch": "-0.083351", "yaw": "1.496736", "roll": "-0.209474"}, "userAcceleration": {"x": "13.690271", "z": "2.676328", "y": "-7.593097"}, "timestamp": 0.5839869999999792}, {"userAcceleration": {"x": "11.332437", "y": "-13.443586", "z": "5.793419"}, "timestamp": 0.6041239999995014, "attitude": {"yaw": "1.638268", "pitch": "-0.333121", "roll": "0.261013"}}, {"userAcceleration": {"x": "13.789695", "y": "-1.392357", "z": "6.001398"}, "timestamp": 0.6242619999993622, "attitude": {"pitch": "-0.596678", "yaw": "2.074989", "roll": "0.864863"}}, {"timestamp": 0.6443989999988844, "attitude": {"roll": "1.095916", "yaw": "2.470626", "pitch": "-0.578402"}, "userAcceleration": {"x": "11.346579", "y": "-4.650584", "z": "7.903197"}}, {"userAcceleration": {"z": "-4.762640", "x": "10.456892", "y": "11.811923"}, "attitude": {"yaw": "2.356446", "roll": "1.046345", "pitch": "-0.140596"}, "timestamp": 0.6645369999987452}, {"attitude": {"roll": "1.135090", "yaw": "2.261347", "pitch": "0.189043"}, "userAcceleration": {"y": "0.386680", "z": "0.872830", "x": "-1.089228"}, "timestamp": 0.6846740000000864}, {"userAcceleration": {"z": "-0.004891", "x": "4.554930", "y": "-7.633863"}, "timestamp": 0.7048119999999471, "attitude": {"yaw": "2.300483", "pitch": "0.306618", "roll": "1.183727"}}, {"timestamp": 0.7249489999994694, "attitude": {"roll": "1.267142", "yaw": "2.256605", "pitch": "0.450989"}, "userAcceleration": {"z": "-2.948660", "x": "3.811523", "y": "1.735569"}}, {"attitude": {"yaw": "2.143814", "pitch": "0.584429", "roll": "1.388614"}, "timestamp": 0.7450869999993301, "userAcceleration": {"z": "-2.607943", "x": "4.376431", "y": "0.509655"}}, {"userAcceleration": {"x": "4.392332", "z": "-2.524045", "y": "-0.471811"}, "timestamp": 0.7652239999988524, "attitude": {"yaw": "2.016952", "pitch": "0.685936", "roll": "1.521200"}}, {"attitude": {"pitch": "0.761940", "yaw": "1.934577", "roll": "1.647960"}, "timestamp": 0.7853610000001936, "userAcceleration": {"z": "-2.678819", "x": "3.728484", "y": "-0.508312"}}, {"attitude": {"roll": "1.733209", "pitch": "0.814495", "yaw": "1.901103"}, "timestamp": 0.8054986249990179, "userAcceleration": {"z": "-3.050692", "x": "3.822948", "y": "0.555108"}}, {"attitude": {"yaw": "1.921669", "pitch": "0.834599", "roll": "1.736303"}, "userAcceleration": {"z": "-2.583085", "y": "1.368072", "x": "3.279718"}, "timestamp": 0.8256356249985402}, {"attitude": {"roll": "1.679152", "yaw": "1.988662", "pitch": "0.825393"}, "timestamp": 0.8457736249984009, "userAcceleration": {"y": "1.775800", "z": "-1.920854", "x": "1.718761"}}, {"timestamp": 0.8659106249997421, "attitude": {"roll": "1.613806", "pitch": "0.795052", "yaw": "2.053419"}, "userAcceleration": {"z": "-1.154238", "x": "0.917389", "y": "1.389651"}}, {"timestamp": 0.8860486249996029, "attitude": {"pitch": "0.756057", "yaw": "2.052615", "roll": "1.593347"}, "userAcceleration": {"x": "1.036356", "y": "1.022179", "z": "-0.644060"}}, {"userAcceleration": {"z": "0.001943", "x": "1.228708", "y": "0.482809"}, "attitude": {"roll": "1.609247", "yaw": "1.988550", "pitch": "0.717809"}, "timestamp": 0.9061856249991251}, {"timestamp": 0.9263236249989859, "attitude": {"yaw": "1.916975", "pitch": "0.675796", "roll": "1.620836"}, "userAcceleration": {"x": "0.998538", "y": "-0.086625", "z": "0.409187"}}, {"attitude": {"yaw": "1.873912", "pitch": "0.631665", "roll": "1.608234"}, "userAcceleration": {"z": "0.411276", "x": "0.513268", "y": "-0.356349"}, "timestamp": 0.9464606249985081}, {"userAcceleration": {"x": "0.142326", "y": "-0.257132", "z": "0.295708"}, "timestamp": 0.9665986250001879, "attitude": {"yaw": "1.847075", "pitch": "0.586513", "roll": "1.582659"}}, {"timestamp": 0.9867356249997101, "attitude": {"roll": "1.550796", "yaw": "1.810996", "pitch": "0.537002"}, "userAcceleration": {"z": "0.212283", "y": "0.002437", "x": "0.075832"}}, {"attitude": {"pitch": "0.484121", "roll": "1.514328", "yaw": "1.767079"}, "userAcceleration": {"x": "0.025033", "y": "0.147087", "z": "-0.055348"}, "timestamp": 1.006873624999571}, {"userAcceleration": {"y": "-0.074574", "z": "0.153333", "x": "-0.049153"}, "attitude": {"yaw": "1.733706", "roll": "1.472548", "pitch": "0.432766"}, "timestamp": 1.0270106249990931}, {"attitude": {"roll": "1.413359", "yaw": "1.733868", "pitch": "0.374379"}, "timestamp": 1.047148624998954, "userAcceleration": {"y": "-0.448866", "x": "-0.056187", "z": "0.364419"}}, {"attitude": {"pitch": "0.303175", "yaw": "1.766429", "roll": "1.341199"}, "timestamp": 1.0672856249984761, "userAcceleration": {"z": "0.380139", "x": "-0.146359", "y": "-0.616579"}}, {"timestamp": 1.0874236250001559, "userAcceleration": {"y": "0.066584", "z": "0.300228", "x": "-0.449111"}, "attitude": {"pitch": "0.230688", "yaw": "1.779263", "roll": "1.281238"}}, {"attitude": {"yaw": "1.745128", "pitch": "0.169033", "roll": "1.239504"}, "timestamp": 1.1075606249996781, "userAcceleration": {"x": "-0.382555", "y": "0.376130", "z": "-0.317096"}}, {"userAcceleration": {"y": "0.394153", "z": "-0.173596", "x": "0.221990"}, "timestamp": 1.1276976249992003, "attitude": {"roll": "1.191185", "pitch": "0.123117", "yaw": "1.691434"}}]