[{"userAcceleration": {"x": "-0.096027", "z": "0.186521", "y": "-0.189291"}, "attitude": {"pitch": "-0.929449", "yaw": "-0.790760", "roll": "-1.717957"}, "timestamp": 0.5839771666669549}, {"userAcceleration": {"z": "0.204295", "x": "-0.084588", "y": "-0.061803"}, "timestamp": 0.6041141666664771, "attitude": {"pitch": "-0.984807", "roll": "-1.801412", "yaw": "-0.815647"}}, {"timestamp": 0.6242511666659993, "userAcceleration": {"y": "-0.016249", "x": "-0.155915", "z": "0.287300"}, "attitude": {"yaw": "-0.863533", "roll": "-1.912267", "pitch": "-1.036885"}}, {"userAcceleration": {"z": "0.317620", "x": "-0.236747", "y": "-0.152454"}, "attitude": {"roll": "-2.065525", "yaw": "-0.948645", "pitch": "-1.075527"}, "timestamp": 0.6443891666658601}, {"userAcceleration": {"y": "-0.106664", "x": "-0.066174", "z": "0.227139"}, "attitude": {"pitch": "-1.095718", "yaw": "-1.063721", "roll": "-2.260491"}, "timestamp": 0.6645261666653823}, {"attitude": {"pitch": "-1.098405", "roll": "-2.472215", "yaw": "-1.179621"}, "userAcceleration": {"z": "0.232817", "y": "0.021001", "x": "0.032474"}, "timestamp": 0.6846631666667236}, {"attitude": {"pitch": "-1.085192", "roll": "-2.680817", "yaw": "-1.277327"}, "userAcceleration": {"z": "0.328364", "x": "-0.032822", "y": "-0.000146"}, "timestamp": 0.7048001666662458}, {"attitude": {"roll": "-2.872460", "pitch": "-1.059576", "yaw": "-1.344812"}, "timestamp": 0.724937166665768, "userAcceleration": {"z": "0.437748", "y": "-0.166231", "x": "-0.036615"}}, {"userAcceleration": {"y": "-0.054062", "z": "0.487113", "x": "0.103991"}, "attitude": {"pitch": "-1.034613", "roll": "-3.036676", "yaw": "-1.369993"}, "timestamp": 0.7450741666671092}, {"attitude": {"yaw": "-1.356678", "roll": "3.108331", "pitch": "-1.021667"}, "userAcceleration": {"x": "0.184119", "z": "0.638561", "y": "0.103488"}, "timestamp": 0.76521216666697}, {"attitude": {"roll": "2.993576", "pitch": "-1.018784", "yaw": "-1.312427"}, "timestamp": 0.7853491666664922, "userAcceleration": {"x": "0.179179", "y": "0.149948", "z": "0.941431"}}, {"timestamp": 0.8054861666660145, "attitude": {"pitch": "-1.027860", "roll": "2.910285", "yaw": "-1.233496"}, "userAcceleration": {"y": "0.261725", "x": "0.093852", "z": "1.152915"}}, {"timestamp": 0.8256231666655367, "attitude": {"roll": "2.865132", "pitch": "-1.057960", "yaw": "-1.118137"}, "userAcceleration": {"x": "0.096895", "z": "1.180507", "y": "0.257062"}}, {"timestamp": 0.8457601666668779, "attitude": {"roll": "2.856392", "pitch": "-1.124398", "yaw": "-0.973956"}, "userAcceleration": {"z": "1.182948", "x": "0.252025", "y": "-0.014175"}}, {"attitude": {"yaw": "-0.774061", "pitch": "-1.243834", "roll": "2.913952"}, "userAcceleration": {"x": "0.431639", "z": "1.385679", "y": "-0.122284"}, "timestamp": 0.8658971666664002}, {"userAcceleration": {"z": "1.638796", "y": "0.389755", "x": "0.539923"}, "timestamp": 0.8860341666659224, "attitude": {"yaw": "-0.221269", "roll": "-2.945337", "pitch": "-1.372910"}}, {"timestamp": 0.9061721666657832, "userAcceleration": {"y": "0.840358", "z": "1.977761", "x": "1.242620"}, "attitude": {"roll": "-1.970670", "pitch": "-1.329751", "yaw": "0.866050"}}, {"userAcceleration": {"x": "1.802099", "z": "2.342626", "y": "1.080494"}, "timestamp": 0.9263091666671244, "attitude": {"yaw": "1.306157", "pitch": "-1.096199", "roll": "-1.613504"}}, {"attitude": {"yaw": "1.470054", "pitch": "-0.794873", "roll": "-1.489904"}, "timestamp": 0.9464461666666466, "userAcceleration": {"x": "2.335475", "y": "1.296113", "z": "2.587690"}}, {"timestamp": 0.9665831666661688, "attitude": {"roll": "-1.414014", "pitch": "-0.453997", "yaw": "1.520496"}, "userAcceleration": {"z": "2.552495", "x": "2.958663", "y": "1.010322"}}, {"timestamp": 0.9867201666656911, "userAcceleration": {"x": "3.636572", "y": "0.661832", "z": "2.719675"}, "attitude": {"yaw": "1.478029", "pitch": "-0.094673", "roll": "-1.292894"}}, {"attitude": {"yaw": "1.322121", "pitch": "0.224946", "roll": "-1.025603"}, "userAcceleration": {"y": "-0.473235", "z": "3.074518", "x": "4.821431"}, "timestamp": 1.0068571666670323}, {"userAcceleration": {"z": "1.959032", "x": "7.900473", "y": "-3.096467"}, "timestamp": 1.026995166666893, "attitude": {"pitch": "0.349769", "yaw": "1.032651", "roll": "-0.647988"}}, {"attitude": {"pitch": "0.312239", "yaw": "0.774943", "roll": "-0.425075"}, "timestamp": 1.0471321666664153, "userAcceleration": {"y": "-4.956070", "z": "-2.175155", "x": "8.318276"}}, {"timestamp": 1.0672691666659375, "attitude": {"yaw": "0.578647", "roll": "-0.253433", "pitch": "0.052780"}, "userAcceleration": {"x": "2.420835", "z": "0.246495", "y": "-2.288477"}}, {"attitude": {"yaw": "0.533829", "roll": "-0.077485", "pitch": "-0.478034"}, "userAcceleration": {"y": "-5.273160", "z": "6.161955", "x": "0.861821"}, "timestamp": 1.0874061666654598}, {"timestamp": 1.107543166666801, "userAcceleration": {"x": "3.056367", "y": "1.639731", "z": "5.543558"}, "attitude": {"yaw": "0.750389", "pitch": "-0.636653", "roll": "0.164487"}}, {"timestamp": 1.1276801666663232, "attitude": {"roll": "0.489503", "pitch": "-0.576056", "yaw": "1.058136"}, "userAcceleration": {"x": "3.359156", "z": "1.518731", "y": "0.582645"}}, {"attitude": {"pitch": "-0.476032", "roll": "0.723115", "yaw": "1.328857"}, "timestamp": 1.1478171666658454, "userAcceleration": {"z": "1.494684", "y": "-2.675114", "x": "6.560010"}}, {"userAcceleration": {"y": "0.845428", "x": "4.428044", "z": "-0.853226"}, "timestamp": 1.1679551666657062, "attitude": {"pitch": "-0.345778", "yaw": "1.476459", "roll": "0.843583"}}, {"userAcceleration": {"y": "2.645651", "z": "-1.425401", "x": "2.633337"}, "timestamp": 1.1880916249992879, "attitude": {"yaw": "1.498102", "pitch": "-0.186498", "roll": "0.898721"}}, {"timestamp": 1.2082286249988101, "userAcceleration": {"z": "-1.030351", "y": "2.035408", "x": "2.011505"}, "attitude": {"yaw": "1.517819", "pitch": "-0.061479", "roll": "0.927532"}}, {"userAcceleration": {"x": "1.759295", "y": "0.294564", "z": "-1.275553"}, "timestamp": 1.2283656250001513, "attitude": {"pitch": "0.019205", "yaw": "1.521641", "roll": "0.937841"}}, {"userAcceleration": {"x": "1.486779", "y": "1.253064", "z": "-1.562679"}, "attitude": {"yaw": "1.473082", "roll": "0.954698", "pitch": "0.126602"}, "timestamp": 1.2485026249996736}, {"attitude": {"pitch": "0.234801", "yaw": "1.407766", "roll": "0.985056"}, "userAcceleration": {"z": "-0.982235", "x": "1.140703", "y": "0.076140"}, "timestamp": 1.2686396249991958}, {"timestamp": 1.2887776249990566, "userAcceleration": {"x": "1.168726", "z": "-0.774783", "y": "-0.778614"}, "attitude": {"yaw": "1.358214", "pitch": "0.314175", "roll": "1.011781"}}, {"userAcceleration": {"x": "1.291281", "y": "-0.709955", "z": "-0.806911"}, "timestamp": 1.3089146250003978, "attitude": {"yaw": "1.323878", "roll": "1.027080", "pitch": "0.372072"}}, {"timestamp": 1.32905162499992, "attitude": {"roll": "1.041393", "yaw": "1.286378", "pitch": "0.425320"}, "userAcceleration": {"y": "-0.203416", "x": "1.000105", "z": "-0.845044"}}, {"userAcceleration": {"z": "-0.682794", "x": "0.641936", "y": "-0.068305"}, "timestamp": 1.3491886249994423, "attitude": {"yaw": "1.247576", "roll": "1.059295", "pitch": "0.473172"}}, {"userAcceleration": {"y": "-0.007402", "z": "-0.625542", "x": "0.493622"}, "attitude": {"roll": "1.079208", "pitch": "0.514529", "yaw": "1.208974"}, "timestamp": 1.3693256249989645}, {"timestamp": 1.3894626250003057, "attitude": {"yaw": "1.163579", "pitch": "0.552577", "roll": "1.102035"}, "userAcceleration": {"x": "0.421368", "z": "-0.671729", "y": "0.099849"}}, {"userAcceleration": {"y": "0.137963", "z": "-0.657373", "x": "0.399082"}, "timestamp": 1.4096006250001665, "attitude": {"yaw": "1.107511", "pitch": "0.587851", "roll": "1.127209"}}, {"attitude": {"pitch": "0.619701", "yaw": "1.043724", "roll": "1.154102"}, "timestamp": 1.4297376249996887, "userAcceleration": {"z": "-0.563267", "y": "0.088559", "x": "0.301305"}}, {"attitude": {"pitch": "0.648835", "roll": "1.181313", "yaw": "0.977953"}, "userAcceleration": {"x": "0.233498", "y": "0.010707", "z": "-0.411577"}, "timestamp": 1.449874624999211}, {"userAcceleration": {"x": "0.178432", "y": "-0.120099", "z": "-0.298985"}, "timestamp": 1.4700116249987332, "attitude": {"roll": "1.205298", "yaw": "0.916365", "pitch": "0.674334"}}, {"userAcceleration": {"z": "-0.240847", "y": "-0.174458", "x": "0.088711"}, "attitude": {"yaw": "0.864074", "pitch": "0.694572", "roll": "1.223229"}, "timestamp": 1.4901486250000744}, {"timestamp": 1.5102856249995966, "attitude": {"pitch": "0.710320", "yaw": "0.817935", "roll": "1.237842"}, "userAcceleration": {"y": "-0.103387", "x": "-0.023020", "z": "-0.216807"}}, {"userAcceleration": {"x": "-0.091443", "y": "-0.012793", "z": "-0.184771"}, "attitude": {"yaw": "0.774736", "roll": "1.250373", "pitch": "0.722259"}, "timestamp": 1.5304226249991189}, {"timestamp": 1.5505606249989796, "userAcceleration": {"z": "-0.177728", "x": "-0.146483", "y": "0.025683"}, "attitude": {"yaw": "0.732588", "pitch": "0.730967", "roll": "1.260677"}}, {"userAcceleration": {"x": "-0.196425", "z": "-0.167103", "y": "0.048424"}, "timestamp": 1.5706976250003208, "attitude": {"yaw": "0.691682", "pitch": "0.736378", "roll": "1.268544"}}]