[{"timestamp": 0, "userAcceleration": {"y": "-0.299850", "z": "0.244617", "x": "0.437330"}, "attitude": {"pitch": "-0.536047", "roll": "-2.453912", "yaw": "-2.945552"}}, {"attitude": {"roll": "-2.557929", "pitch": "-0.557652", "yaw": "-2.864014"}, "userAcceleration": {"z": "0.467232", "y": "-0.374593", "x": "0.541754"}, "timestamp": 0.020137999999860767}, {"attitude": {"yaw": "-2.764494", "roll": "-2.654794", "pitch": "-0.587122"}, "userAcceleration": {"x": "0.587840", "y": "-0.463864", "z": "0.698225"}, "timestamp": 0.040274999999383}, {"attitude": {"roll": "-2.737615", "pitch": "-0.629274", "yaw": "-2.641727"}, "userAcceleration": {"x": "0.561531", "z": "0.918701", "y": "-0.516796"}, "timestamp": 0.06041199999890523}, {"timestamp": 0.08055000000058499, "attitude": {"roll": "-2.796320", "yaw": "-2.490181", "pitch": "-0.690762"}, "userAcceleration": {"x": "0.645113", "y": "-0.674509", "z": "1.313179"}}, {"timestamp": 0.10068700000010722, "attitude": {"pitch": "-0.759738", "yaw": "-2.295858", "roll": "-2.809151"}, "userAcceleration": {"z": "1.958234", "y": "-0.730983", "x": "0.719231"}}, {"attitude": {"pitch": "-0.791556", "yaw": "-2.020446", "roll": "-2.729520"}, "userAcceleration": {"y": "-0.400443", "z": "3.193839", "x": "0.843496"}, "timestamp": 0.12082399999962945}, {"attitude": {"pitch": "-0.736671", "roll": "-2.504430", "yaw": "-1.637928"}, "timestamp": 0.14096199999949022, "userAcceleration": {"x": "1.363131", "y": "0.826878", "z": "4.596782"}}, {"userAcceleration": {"z": "4.995936", "x": "2.633667", "y": "1.251445"}, "attitude": {"yaw": "-1.225590", "roll": "-2.183295", "pitch": "-0.557958"}, "timestamp": 0.16109899999901245}, {"attitude": {"pitch": "-0.244706", "roll": "-1.873430", "yaw": "-0.943371"}, "timestamp": 0.18123699999887322, "userAcceleration": {"x": "4.735367", "z": "5.371122", "y": "1.427361"}}, {"userAcceleration": {"z": "4.473687", "y": "0.657972", "x": "7.656009"}, "timestamp": 0.20137400000021444, "attitude": {"roll": "-1.506970", "pitch": "0.126710", "yaw": "-0.861304"}}, {"attitude": {"pitch": "0.374927", "roll": "-0.901355", "yaw": "-1.113887"}, "timestamp": 0.22151099999973667, "userAcceleration": {"x": "10.472585", "y": "-1.951209", "z": "2.992404"}}, {"attitude": {"pitch": "0.214717", "yaw": "-1.470396", "roll": "-0.164881"}, "timestamp": 0.24164899999959744, "userAcceleration": {"z": "1.679042", "x": "12.353374", "y": "-3.695330"}}, {"timestamp": 0.26178599999911967, "attitude": {"yaw": "-1.639433", "roll": "0.194272", "pitch": "-0.298410"}, "userAcceleration": {"z": "1.488087", "x": "13.120197", "y": "-8.006632"}}, {"timestamp": 0.2819230000004609, "attitude": {"yaw": "-1.346286", "pitch": "-0.637650", "roll": "0.493146"}, "userAcceleration": {"z": "12.165385", "x": "4.641888", "y": "-3.820574"}}, {"attitude": {"pitch": "-0.625519", "yaw": "-0.908270", "roll": "0.916327"}, "userAcceleration": {"z": "8.194148", "x": "6.549748", "y": "-2.914253"}, "timestamp": 0.30206100000032166}, {"userAcceleration": {"z": "3.924019", "y": "-2.576366", "x": "9.742294"}, "attitude": {"pitch": "-0.480268", "yaw": "-0.603241", "roll": "1.163224"}, "timestamp": 0.3221979999998439}, {"attitude": {"pitch": "-0.284428", "yaw": "-0.499460", "roll": "1.222567"}, "timestamp": 0.34233554166712565, "userAcceleration": {"y": "2.708955", "x": "11.071589", "z": "0.736338"}}, {"attitude": {"yaw": "-0.445507", "roll": "1.255434", "pitch": "-0.112735"}, "timestamp": 0.3624725416666479, "userAcceleration": {"y": "1.578788", "x": "7.960563", "z": "-0.287572"}}, {"timestamp": 0.3826095416661701, "userAcceleration": {"x": "7.310974", "z": "-1.204630", "y": "4.895445"}, "attitude": {"yaw": "-0.438997", "roll": "1.269729", "pitch": "0.065505"}}, {"timestamp": 0.4027475416660309, "attitude": {"roll": "1.290750", "pitch": "0.277847", "yaw": "-0.458808"}, "userAcceleration": {"y": "5.062540", "z": "-2.319405", "x": "5.885416"}}, {"userAcceleration": {"y": "2.591456", "z": "-2.660562", "x": "4.789148"}, "timestamp": 0.4228845416655531, "attitude": {"roll": "1.279024", "yaw": "-0.402914", "pitch": "0.500801"}}, {"attitude": {"yaw": "-0.265042", "roll": "1.181688", "pitch": "0.697368"}, "userAcceleration": {"y": "0.689779", "z": "-1.975638", "x": "4.605188"}, "timestamp": 0.44302254166723287}, {"attitude": {"roll": "1.047805", "pitch": "0.853969", "yaw": "-0.113499"}, "timestamp": 0.4631595416667551, "userAcceleration": {"z": "-0.955630", "x": "3.274926", "y": "2.428118"}}, {"timestamp": 0.48329654166627734, "userAcceleration": {"y": "2.270316", "z": "-0.313107", "x": "1.742272"}, "attitude": {"pitch": "0.966116", "yaw": "0.045836", "roll": "0.898360"}}, {"userAcceleration": {"z": "-0.103790", "y": "1.416627", "x": "1.688649"}, "timestamp": 0.5034345416661381, "attitude": {"pitch": "1.036260", "yaw": "0.184383", "roll": "0.744567"}}, {"attitude": {"yaw": "0.275448", "roll": "0.620761", "pitch": "1.071294"}, "userAcceleration": {"x": "1.208455", "z": "0.071588", "y": "1.847838"}, "timestamp": 0.5235715416656603}, {"userAcceleration": {"z": "0.277102", "x": "0.534624", "y": "1.994772"}, "timestamp": 0.5437085416670016, "attitude": {"yaw": "0.312858", "roll": "0.544027", "pitch": "1.069973"}}, {"timestamp": 0.5638465416668623, "userAcceleration": {"x": "0.543540", "y": "1.727784", "z": "0.475775"}, "attitude": {"pitch": "1.042191", "yaw": "0.305689", "roll": "0.504479"}}, {"userAcceleration": {"x": "0.528027", "y": "1.052392", "z": "0.658446"}, "attitude": {"roll": "0.489933", "yaw": "0.269434", "pitch": "0.985256"}, "timestamp": 0.5839835416663846}, {"timestamp": 0.6041215416662453, "attitude": {"pitch": "0.911129", "yaw": "0.208247", "roll": "0.498420"}, "userAcceleration": {"z": "0.832010", "x": "0.499178", "y": "0.773488"}}, {"timestamp": 0.6242585416657676, "attitude": {"yaw": "0.126358", "roll": "0.526369", "pitch": "0.838004"}, "userAcceleration": {"y": "0.734429", "x": "0.396909", "z": "0.793958"}}, {"timestamp": 0.6443955416671088, "userAcceleration": {"y": "0.602437", "z": "0.794929", "x": "0.462658"}, "attitude": {"yaw": "0.028387", "pitch": "0.770158", "roll": "0.566090"}}, {"attitude": {"pitch": "0.704994", "roll": "0.613265", "yaw": "-0.082674"}, "userAcceleration": {"x": "0.494994", "y": "0.523701", "z": "0.852473"}, "timestamp": 0.6645335416669695}, {"userAcceleration": {"z": "0.855043", "x": "0.532009", "y": "0.305055"}, "timestamp": 0.6846705416664918, "attitude": {"roll": "0.662324", "pitch": "0.637686", "yaw": "-0.198245"}}, {"userAcceleration": {"x": "0.629600", "z": "0.829549", "y": "-0.078377"}, "timestamp": 0.704807541666014, "attitude": {"roll": "0.710738", "pitch": "0.565569", "yaw": "-0.306080"}}, {"userAcceleration": {"x": "0.652618", "z": "0.812059", "y": "-0.374840"}, "attitude": {"pitch": "0.492085", "yaw": "-0.406558", "roll": "0.759661"}, "timestamp": 0.7249455416658748}, {"timestamp": 0.745082541667216, "userAcceleration": {"y": "-0.410158", "x": "0.730012", "z": "0.690616"}, "attitude": {"pitch": "0.427917", "yaw": "-0.518421", "roll": "0.809174"}}, {"timestamp": 0.7652205416670768, "attitude": {"pitch": "0.379660", "roll": "0.862254", "yaw": "-0.656822"}, "userAcceleration": {"y": "-0.040024", "z": "0.396321", "x": "0.738591"}}, {"timestamp": 0.785357541666599, "attitude": {"yaw": "-0.806460", "roll": "0.914421", "pitch": "0.330742"}, "userAcceleration": {"z": "0.441738", "x": "0.697352", "y": "-0.123665"}}, {"timestamp": 0.8054945416661212, "userAcceleration": {"x": "0.909114", "y": "-0.204261", "z": "0.538094"}, "attitude": {"yaw": "-0.959166", "roll": "0.954229", "pitch": "0.275578"}}, {"userAcceleration": {"x": "1.164481", "y": "-0.050655", "z": "0.653275"}, "timestamp": 0.825632541665982, "attitude": {"roll": "0.981118", "pitch": "0.226046", "yaw": "-1.125158"}}, {"attitude": {"yaw": "-1.290921", "pitch": "0.177802", "roll": "0.994545"}, "userAcceleration": {"x": "1.236094", "y": "-0.371626", "z": "0.693643"}, "timestamp": 0.8457695416655042}, {"timestamp": 0.865907541667184, "userAcceleration": {"z": "0.727537", "x": "1.214909", "y": "-0.739829"}, "attitude": {"yaw": "-1.443033", "roll": "0.997473", "pitch": "0.128829"}}, {"timestamp": 0.8860445416667062, "userAcceleration": {"x": "1.145380", "y": "-0.569210", "z": "0.801505"}, "attitude": {"pitch": "0.087533", "yaw": "-1.584500", "roll": "0.996433"}}, {"timestamp": 0.9061815416662284, "userAcceleration": {"x": "1.061522", "z": "0.721574", "y": "-0.432588"}, "attitude": {"yaw": "-1.729164", "roll": "0.990922", "pitch": "0.063029"}}, {"userAcceleration": {"x": "1.154916", "y": "-0.053280", "z": "0.562687"}, "timestamp": 0.9263195416660892, "attitude": {"pitch": "0.066305", "roll": "0.975419", "yaw": "-1.895090"}}, {"timestamp": 0.9464565416656114, "attitude": {"pitch": "0.099627", "yaw": "-2.082421", "roll": "0.945385"}, "userAcceleration": {"x": "1.174407", "z": "0.559228", "y": "0.140021"}}, {"userAcceleration": {"z": "0.908186", "x": "1.133001", "y": "0.147274"}, "attitude": {"pitch": "0.144896", "yaw": "-2.264119", "roll": "0.905814"}, "timestamp": 0.9665935416669527}]