[{"timestamp": 0.7249698750001698, "attitude": {"yaw": "-0.652443", "roll": "-0.998920", "pitch": "0.206325"}, "userAcceleration": {"y": "-0.273636", "x": "-0.040000", "z": "0.224312"}}, {"timestamp": 0.7451078750000306, "attitude": {"roll": "-1.009893", "pitch": "0.214191", "yaw": "-0.650469"}, "userAcceleration": {"z": "0.035726", "y": "-0.288450", "x": "-0.179503"}}, {"timestamp": 0.7652458749998914, "attitude": {"pitch": "0.215778", "yaw": "-0.654157", "roll": "-1.026989"}, "userAcceleration": {"y": "-0.531453", "z": "0.028334", "x": "-0.216712"}}, {"timestamp": 0.7853838749997522, "attitude": {"roll": "-1.058408", "pitch": "0.202327", "yaw": "-0.669266"}, "userAcceleration": {"x": "-0.394677", "y": "-0.999017", "z": "-0.362758"}}, {"attitude": {"roll": "-1.091435", "pitch": "0.176797", "yaw": "-0.681088"}, "userAcceleration": {"x": "-0.739868", "z": "-0.555712", "y": "-0.893672"}, "timestamp": 0.8055218749996129}, {"attitude": {"roll": "-1.119262", "pitch": "0.152468", "yaw": "-0.686935"}, "timestamp": 0.8256608749998122, "userAcceleration": {"y": "-0.663110", "x": "-1.041827", "z": "-0.907888"}}, {"timestamp": 0.845798874999673, "attitude": {"pitch": "0.126092", "yaw": "-0.691622", "roll": "-1.148246"}, "userAcceleration": {"y": "-0.561635", "x": "-1.022670", "z": "-0.973600"}}, {"userAcceleration": {"z": "-0.907091", "x": "-1.085548", "y": "-0.647168"}, "timestamp": 0.8659368749995338, "attitude": {"pitch": "0.096358", "roll": "-1.176061", "yaw": "-0.696080"}}, {"userAcceleration": {"x": "-1.073272", "z": "-0.779407", "y": "-0.595442"}, "timestamp": 0.8860748749993945, "attitude": {"pitch": "0.066579", "roll": "-1.203231", "yaw": "-0.695552"}}, {"timestamp": 0.9062128749992553, "attitude": {"yaw": "-0.688556", "pitch": "0.043071", "roll": "-1.237481"}, "userAcceleration": {"z": "-0.589965", "x": "-1.029088", "y": "-0.644152"}}, {"attitude": {"roll": "-1.281770", "pitch": "0.027603", "yaw": "-0.672103"}, "userAcceleration": {"y": "-0.886615", "z": "-0.361711", "x": "-1.087269"}, "timestamp": 0.9263508749991161}, {"attitude": {"pitch": "0.011640", "yaw": "-0.636006", "roll": "-1.346423"}, "userAcceleration": {"x": "-1.014222", "y": "-1.243914", "z": "-0.116189"}, "timestamp": 0.9464888749989768}, {"attitude": {"yaw": "-0.570872", "pitch": "-0.017499", "roll": "-1.433563"}, "userAcceleration": {"z": "0.173219", "y": "-1.559566", "x": "-0.933107"}, "timestamp": 0.9666268750006566}, {"userAcceleration": {"z": "0.497455", "y": "-1.482273", "x": "-0.768834"}, "timestamp": 0.9867648750005173, "attitude": {"roll": "-1.538533", "pitch": "-0.067284", "yaw": "-0.472848"}}, {"attitude": {"roll": "-1.657062", "yaw": "-0.352192", "pitch": "-0.144884"}, "timestamp": 1.0069028750003781, "userAcceleration": {"z": "0.723261", "x": "-0.704846", "y": "-1.282057"}}, {"attitude": {"pitch": "-0.265423", "yaw": "-0.210077", "roll": "-1.783195"}, "userAcceleration": {"z": "1.286216", "y": "-1.325535", "x": "-0.620150"}, "timestamp": 1.0270408750002389}, {"timestamp": 1.0471788750000997, "attitude": {"roll": "-1.903081", "yaw": "-0.061323", "pitch": "-0.450547"}, "userAcceleration": {"y": "-1.307040", "x": "-0.548233", "z": "1.905949"}}, {"userAcceleration": {"z": "2.845392", "x": "-0.382433", "y": "-1.070932"}, "timestamp": 1.0673168749999604, "attitude": {"pitch": "-0.661612", "yaw": "0.081987", "roll": "-2.004817"}}, {"timestamp": 1.0874548749998212, "attitude": {"roll": "-2.070764", "pitch": "-0.856749", "yaw": "0.251046"}, "userAcceleration": {"y": "-0.787715", "z": "3.812860", "x": "0.136978"}}, {"userAcceleration": {"y": "0.489278", "z": "5.446877", "x": "0.413880"}, "timestamp": 1.107592874999682, "attitude": {"yaw": "0.386387", "roll": "-2.110655", "pitch": "-0.890885"}}, {"timestamp": 1.1277308749995427, "attitude": {"yaw": "0.662231", "pitch": "-0.724085", "roll": "-2.008975"}, "userAcceleration": {"z": "7.809465", "y": "4.318064", "x": "0.380178"}}, {"userAcceleration": {"x": "12.532714", "y": "-1.743168", "z": "7.539666"}, "timestamp": 1.1478688749994035, "attitude": {"roll": "-1.733810", "pitch": "-0.447127", "yaw": "1.067224"}}, {"timestamp": 1.1680068749992643, "attitude": {"roll": "-1.411065", "pitch": "0.050715", "yaw": "1.173256"}, "userAcceleration": {"y": "-7.425503", "z": "4.831471", "x": "15.111810"}}, {"timestamp": 1.188144874999125, "attitude": {"yaw": "0.650546", "pitch": "0.479555", "roll": "-0.598838"}, "userAcceleration": {"z": "-1.387206", "y": "-9.419262", "x": "11.409645"}}, {"attitude": {"yaw": "-0.042907", "roll": "0.087411", "pitch": "-0.051871"}, "userAcceleration": {"z": "11.886307", "y": "-3.556105", "x": "9.533530"}, "timestamp": 1.2082828749989858}, {"userAcceleration": {"x": "7.654658", "z": "26.007278", "y": "-0.431480"}, "timestamp": 1.2284208750006655, "attitude": {"pitch": "-0.556414", "yaw": "-0.125491", "roll": "-0.107315"}}, {"timestamp": 1.2485598749990459, "attitude": {"yaw": "0.428916", "pitch": "-0.244678", "roll": "0.352181"}, "userAcceleration": {"y": "27.205036", "z": "-7.442331", "x": "15.115401"}}, {"attitude": {"yaw": "0.622804", "roll": "0.442120", "pitch": "-0.192436"}, "timestamp": 1.2686978749989066, "userAcceleration": {"z": "16.369570", "x": "-5.540885", "y": "0.816562"}}, {"timestamp": 1.2888358750005864, "attitude": {"yaw": "0.686386", "roll": "0.850409", "pitch": "-0.097927"}, "userAcceleration": {"x": "2.094198", "y": "-7.246560", "z": "-2.625070"}}, {"attitude": {"yaw": "0.729441", "pitch": "-0.001729", "roll": "0.964053"}, "userAcceleration": {"x": "7.467249", "y": "4.250194", "z": "3.676487"}, "timestamp": 1.3089738750004472}, {"userAcceleration": {"x": "7.225009", "y": "3.979505", "z": "-0.272897"}, "timestamp": 1.329111875000308, "attitude": {"yaw": "0.723443", "roll": "1.056352", "pitch": "0.193307"}}, {"timestamp": 1.3492498750001687, "attitude": {"yaw": "0.709425", "pitch": "0.328879", "roll": "1.162838"}, "userAcceleration": {"y": "0.462936", "z": "0.547165", "x": "4.152733"}}, {"timestamp": 1.3693878750000295, "attitude": {"pitch": "0.458468", "yaw": "0.681894", "roll": "1.301714"}, "userAcceleration": {"y": "1.344079", "x": "4.706872", "z": "-0.093028"}}, {"timestamp": 1.3895237916658516, "userAcceleration": {"z": "0.504718", "x": "3.544414", "y": "0.010568"}, "attitude": {"yaw": "0.668503", "roll": "1.432932", "pitch": "0.551697"}}, {"timestamp": 1.4096617916657124, "attitude": {"roll": "1.525114", "pitch": "0.618858", "yaw": "0.681610"}, "userAcceleration": {"x": "3.009856", "y": "-0.012455", "z": "0.773800"}}, {"attitude": {"roll": "1.608208", "pitch": "0.676085", "yaw": "0.697608"}, "userAcceleration": {"y": "0.108441", "x": "2.406857", "z": "0.639389"}, "timestamp": 1.4297997916655731}, {"timestamp": 1.449937791667253, "userAcceleration": {"z": "0.699365", "x": "2.691194", "y": "0.214327"}, "attitude": {"pitch": "0.735257", "roll": "1.672947", "yaw": "0.699697"}}, {"timestamp": 1.4700757916671137, "attitude": {"yaw": "0.700901", "pitch": "0.790362", "roll": "1.705205"}, "userAcceleration": {"x": "2.354439", "z": "0.708069", "y": "0.291693"}}, {"attitude": {"yaw": "0.682571", "roll": "1.725408", "pitch": "0.843917"}, "timestamp": 1.4902137916669744, "userAcceleration": {"z": "0.630207", "y": "0.313811", "x": "1.995562"}}, {"timestamp": 1.5103517916668352, "attitude": {"pitch": "0.895726", "yaw": "0.645991", "roll": "1.769763"}, "userAcceleration": {"z": "0.181742", "x": "1.174181", "y": "-0.122825"}}, {"attitude": {"roll": "1.814408", "pitch": "0.946182", "yaw": "0.593710"}, "userAcceleration": {"y": "0.179078", "z": "0.111538", "x": "1.236880"}, "timestamp": 1.530489791666696}, {"timestamp": 1.5506277916665567, "attitude": {"roll": "1.851430", "yaw": "0.534201", "pitch": "0.998478"}, "userAcceleration": {"y": "0.110393", "z": "-0.019354", "x": "0.924093"}}, {"timestamp": 1.5707657916664175, "userAcceleration": {"x": "0.625506", "z": "-0.025103", "y": "0.099652"}, "attitude": {"yaw": "0.474264", "roll": "1.879548", "pitch": "1.053394"}}, {"userAcceleration": {"x": "0.319466", "y": "0.117913", "z": "-0.099907"}, "attitude": {"yaw": "0.422447", "roll": "1.891414", "pitch": "1.107536"}, "timestamp": 1.5909037916662783}, {"userAcceleration": {"z": "-0.094044", "x": "-0.034619", "y": "0.132262"}, "attitude": {"roll": "1.878384", "yaw": "0.400488", "pitch": "1.156663"}, "timestamp": 1.611041791666139}, {"timestamp": 1.6311797916659998, "attitude": {"pitch": "1.199554", "yaw": "0.408362", "roll": "1.841982"}, "userAcceleration": {"y": "0.020073", "z": "-0.027338", "x": "-0.214018"}}, {"userAcceleration": {"z": "-0.059648", "x": "-0.290304", "y": "0.228453"}, "timestamp": 1.6513177916658606, "attitude": {"roll": "1.809274", "pitch": "1.234268", "yaw": "0.413796"}}, {"userAcceleration": {"x": "-0.305174", "y": "0.553193", "z": "-0.097604"}, "timestamp": 1.6714557916657213, "attitude": {"pitch": "1.264768", "yaw": "0.435737", "roll": "1.768937"}}, {"attitude": {"pitch": "1.291982", "yaw": "0.483087", "roll": "1.706727"}, "timestamp": 1.691593791665582, "userAcceleration": {"x": "-0.244036", "y": "0.424929", "z": "-0.035480"}}, {"attitude": {"pitch": "1.312179", "roll": "1.634921", "yaw": "0.545473"}, "userAcceleration": {"z": "-0.104035", "x": "-0.159102", "y": "0.326455"}, "timestamp": 1.7117327916657814}]