[{"timestamp": 0.8457665416663076, "attitude": {"pitch": "-0.010076", "yaw": "-0.310016", "roll": "-1.298202"}, "userAcceleration": {"y": "-0.311575", "z": "0.369681", "x": "0.061934"}}, {"attitude": {"roll": "-1.302564", "pitch": "-0.027586", "yaw": "-0.296203"}, "userAcceleration": {"y": "-0.285379", "x": "0.007331", "z": "0.367313"}, "timestamp": 0.8659035416658298}, {"userAcceleration": {"z": "0.324957", "y": "-0.259956", "x": "-0.057107"}, "attitude": {"yaw": "-0.277709", "roll": "-1.306966", "pitch": "-0.042043"}, "timestamp": 0.8860405416653521}, {"timestamp": 0.9061785416652128, "attitude": {"pitch": "-0.054525", "yaw": "-0.256548", "roll": "-1.314452"}, "userAcceleration": {"x": "-0.124172", "z": "0.335994", "y": "-0.261575"}}, {"userAcceleration": {"y": "-0.250389", "z": "0.283849", "x": "-0.275287"}, "attitude": {"yaw": "-0.234685", "pitch": "-0.064919", "roll": "-1.327047"}, "timestamp": 0.926315541666554}, {"timestamp": 0.9464525416660763, "userAcceleration": {"y": "-0.332879", "x": "-0.466244", "z": "0.275802"}, "attitude": {"pitch": "-0.074816", "yaw": "-0.208972", "roll": "-1.341707"}}, {"attitude": {"pitch": "-0.085469", "yaw": "-0.181110", "roll": "-1.360148"}, "userAcceleration": {"z": "0.302279", "x": "-0.523492", "y": "-0.428718"}, "timestamp": 0.966590541665937}, {"userAcceleration": {"z": "0.306384", "y": "-0.442173", "x": "-0.620219"}, "timestamp": 0.9867275416654593, "attitude": {"yaw": "-0.149445", "roll": "-1.384506", "pitch": "-0.097004"}}, {"timestamp": 1.0068645416649815, "userAcceleration": {"x": "-0.808509", "y": "-0.413700", "z": "0.309029"}, "attitude": {"yaw": "-0.113281", "roll": "-1.413802", "pitch": "-0.109184"}}, {"userAcceleration": {"x": "-0.919273", "y": "-0.483596", "z": "0.372720"}, "timestamp": 1.0270015416663227, "attitude": {"pitch": "-0.122098", "yaw": "-0.072532", "roll": "-1.451470"}}, {"timestamp": 1.0471395416661835, "attitude": {"pitch": "-0.137046", "roll": "-1.503769", "yaw": "-0.024688"}, "userAcceleration": {"y": "-0.589132", "z": "0.491978", "x": "-0.943119"}}, {"attitude": {"yaw": "0.037666", "roll": "-1.571826", "pitch": "-0.153083"}, "userAcceleration": {"z": "0.735158", "y": "-0.584523", "x": "-0.938514"}, "timestamp": 1.0672765416657057}, {"userAcceleration": {"y": "-0.579023", "x": "-0.924383", "z": "1.030488"}, "timestamp": 1.087413541665228, "attitude": {"yaw": "0.120344", "roll": "-1.651953", "pitch": "-0.169278"}}, {"timestamp": 1.1075515416650887, "attitude": {"yaw": "0.227043", "pitch": "-0.191060", "roll": "-1.739571"}, "userAcceleration": {"x": "-0.898876", "y": "-0.726689", "z": "1.395812"}}, {"attitude": {"yaw": "0.358380", "roll": "-1.825192", "pitch": "-0.224314"}, "userAcceleration": {"x": "-0.869664", "z": "1.787343", "y": "-0.906657"}, "timestamp": 1.12768854166643}, {"timestamp": 1.1478255416659522, "attitude": {"roll": "-1.900169", "pitch": "-0.271427", "yaw": "0.522430"}, "userAcceleration": {"z": "2.185280", "x": "-0.573367", "y": "-1.028040"}}, {"attitude": {"roll": "-1.933582", "yaw": "0.720597", "pitch": "-0.325351"}, "userAcceleration": {"y": "-1.314392", "z": "2.817744", "x": "-0.440413"}, "timestamp": 1.1679625416654744}, {"userAcceleration": {"z": "3.005624", "x": "0.124435", "y": "-1.329334"}, "attitude": {"pitch": "-0.363746", "yaw": "0.955674", "roll": "-1.913083"}, "timestamp": 1.1881005416653352}, {"userAcceleration": {"z": "3.181008", "y": "-0.798986", "x": "0.519775"}, "attitude": {"pitch": "-0.327596", "yaw": "1.211518", "roll": "-1.826703"}, "timestamp": 1.2082375416666764}, {"timestamp": 1.2283745416661986, "attitude": {"pitch": "-0.190525", "yaw": "1.480142", "roll": "-1.657550"}, "userAcceleration": {"y": "-0.311506", "z": "2.994283", "x": "0.980760"}}, {"attitude": {"roll": "-1.546954", "yaw": "1.751971", "pitch": "0.080532"}, "userAcceleration": {"x": "1.861847", "z": "3.427648", "y": "0.469682"}, "timestamp": 1.2485125416660594}, {"userAcceleration": {"x": "7.820765", "y": "2.707445", "z": "3.848320"}, "timestamp": 1.2686495416655816, "attitude": {"yaw": "1.983485", "roll": "-1.468127", "pitch": "0.417981"}}, {"attitude": {"roll": "-1.204610", "pitch": "0.776640", "yaw": "1.923768"}, "timestamp": 1.2887865416651039, "userAcceleration": {"x": "6.458493", "z": "3.917257", "y": "0.491994"}}, {"timestamp": 1.308923541666445, "attitude": {"pitch": "0.793968", "yaw": "1.390809", "roll": "-0.485149"}, "userAcceleration": {"x": "9.846384", "z": "5.641184", "y": "-1.059305"}}, {"timestamp": 1.3290615416663059, "attitude": {"roll": "0.067538", "pitch": "0.513007", "yaw": "0.929258"}, "userAcceleration": {"y": "-6.386459", "x": "8.881402", "z": "2.297753"}}, {"userAcceleration": {"x": "2.919407", "y": "-0.612007", "z": "11.337771"}, "timestamp": 1.349198541665828, "attitude": {"pitch": "-0.020304", "yaw": "0.938236", "roll": "0.180485"}}, {"attitude": {"yaw": "1.177317", "pitch": "-0.189241", "roll": "0.464435"}, "timestamp": 1.3693355416653503, "userAcceleration": {"z": "8.270874", "x": "2.014561", "y": "2.572583"}}, {"timestamp": 1.3894725416666915, "userAcceleration": {"y": "2.784905", "z": "4.401484", "x": "6.169291"}, "attitude": {"pitch": "-0.068282", "roll": "0.715018", "yaw": "1.403656"}}, {"attitude": {"roll": "0.949215", "pitch": "0.052574", "yaw": "1.562864"}, "timestamp": 1.4096105416665523, "userAcceleration": {"z": "4.597753", "x": "4.119439", "y": "-1.512696"}}, {"timestamp": 1.4297475416660745, "attitude": {"roll": "1.107797", "pitch": "0.100302", "yaw": "1.712567"}, "userAcceleration": {"z": "4.672523", "y": "-2.265695", "x": "5.850747"}}, {"attitude": {"roll": "1.225182", "yaw": "1.794945", "pitch": "0.197481"}, "userAcceleration": {"x": "7.200497", "y": "0.992022", "z": "1.954016"}, "timestamp": 1.4498845416655968}, {"attitude": {"pitch": "0.360324", "yaw": "1.768550", "roll": "1.379072"}, "userAcceleration": {"z": "-0.231887", "x": "6.147877", "y": "2.047051"}, "timestamp": 1.470021541665119}, {"timestamp": 1.4901595416649798, "attitude": {"roll": "1.523177", "pitch": "0.478841", "yaw": "1.750468"}, "userAcceleration": {"y": "-0.651233", "x": "5.792905", "z": "0.948605"}}, {"attitude": {"pitch": "0.558143", "yaw": "1.787092", "roll": "1.634656"}, "userAcceleration": {"z": "1.156424", "x": "5.605118", "y": "-1.679327"}, "timestamp": 1.510296541666321}, {"attitude": {"roll": "1.743114", "yaw": "1.826509", "pitch": "0.639940"}, "timestamp": 1.5304335416658432, "userAcceleration": {"z": "0.994099", "y": "-0.177053", "x": "5.232804"}}, {"attitude": {"pitch": "0.729821", "yaw": "1.853956", "roll": "1.851996"}, "userAcceleration": {"x": "4.429700", "z": "0.655388", "y": "0.116215"}, "timestamp": 1.550571541665704}, {"timestamp": 1.5707085416652262, "attitude": {"roll": "1.949963", "pitch": "0.825819", "yaw": "1.881048"}, "userAcceleration": {"y": "0.144100", "z": "0.349903", "x": "3.389912"}}, {"timestamp": 1.5908455416665674, "userAcceleration": {"x": "2.926939", "y": "0.242761", "z": "0.084894"}, "attitude": {"yaw": "1.911645", "roll": "2.023020", "pitch": "0.924447"}}, {"userAcceleration": {"x": "2.544853", "z": "-0.040243", "y": "0.399629"}, "attitude": {"roll": "2.082563", "yaw": "1.934370", "pitch": "1.022142"}, "timestamp": 1.6109825416660897}, {"attitude": {"roll": "2.160046", "yaw": "1.917832", "pitch": "1.114988"}, "timestamp": 1.6311205416659504, "userAcceleration": {"y": "0.560229", "z": "-0.272736", "x": "2.098691"}}, {"userAcceleration": {"x": "1.940117", "z": "-0.298152", "y": "0.543046"}, "timestamp": 1.6512575416654727, "attitude": {"pitch": "1.200040", "yaw": "1.847046", "roll": "2.267371"}}, {"attitude": {"yaw": "1.733037", "roll": "2.403343", "pitch": "1.276782"}, "userAcceleration": {"x": "1.677771", "y": "0.257686", "z": "-0.182502"}, "timestamp": 1.671394541664995}, {"userAcceleration": {"z": "-0.226738", "x": "1.598326", "y": "0.258548"}, "timestamp": 1.6915315416663361, "attitude": {"yaw": "1.541785", "pitch": "1.340460", "roll": "2.600072"}}, {"timestamp": 1.711669541666197, "userAcceleration": {"z": "-0.384377", "y": "0.588701", "x": "1.468165"}, "attitude": {"pitch": "1.372529", "roll": "2.913943", "yaw": "1.216149"}}, {"userAcceleration": {"y": "0.618370", "x": "1.140192", "z": "-0.391684"}, "attitude": {"yaw": "0.856110", "pitch": "1.365106", "roll": "-3.030974"}, "timestamp": 1.7318065416657191}, {"timestamp": 1.7519435416652414, "attitude": {"yaw": "0.584603", "roll": "-2.785400", "pitch": "1.334312"}, "userAcceleration": {"z": "-0.246252", "y": "0.508972", "x": "0.901216"}}, {"timestamp": 1.7720815416651021, "userAcceleration": {"z": "-0.172107", "y": "0.260182", "x": "0.842148"}, "attitude": {"roll": "-2.648299", "yaw": "0.413208", "pitch": "1.295728"}}, {"userAcceleration": {"y": "0.418174", "x": "0.739224", "z": "-0.165163"}, "attitude": {"roll": "-2.580022", "pitch": "1.252223", "yaw": "0.306070"}, "timestamp": 1.7922181249996356}, {"userAcceleration": {"z": "-0.158969", "y": "0.430261", "x": "0.685894"}, "timestamp": 1.8123551249991579, "attitude": {"yaw": "0.239181", "roll": "-2.558184", "pitch": "1.208191"}}, {"timestamp": 1.83249212499868, "attitude": {"roll": "-2.559293", "pitch": "1.170543", "yaw": "0.187947"}, "userAcceleration": {"x": "0.639870", "z": "-0.049650", "y": "0.296786"}}]