[{"attitude": {"roll": "-0.809069", "yaw": "-0.863518", "pitch": "0.170495"}, "userAcceleration": {"z": "0.314001", "x": "0.070269", "y": "-0.339317"}, "timestamp": 0.8860690000001341}, {"timestamp": 0.9062069999999949, "attitude": {"roll": "-0.820441", "pitch": "0.184577", "yaw": "-0.871542"}, "userAcceleration": {"x": "-0.018618", "y": "-0.604571", "z": "0.055158"}}, {"timestamp": 0.9263449999998556, "attitude": {"yaw": "-0.875674", "roll": "-0.848188", "pitch": "0.194147"}, "userAcceleration": {"y": "-0.656130", "z": "-0.275230", "x": "-0.089433"}}, {"userAcceleration": {"y": "-0.662817", "x": "-0.356207", "z": "-0.595250"}, "attitude": {"yaw": "-0.879590", "pitch": "0.197940", "roll": "-0.892001"}, "timestamp": 0.9464830000015354}, {"userAcceleration": {"x": "-0.770610", "y": "-0.873677", "z": "-0.911265"}, "attitude": {"pitch": "0.194721", "yaw": "-0.884716", "roll": "-0.938219"}, "timestamp": 0.9666210000013962}, {"userAcceleration": {"z": "-1.045256", "x": "-1.161407", "y": "-0.862159"}, "timestamp": 0.9867580000009184, "attitude": {"yaw": "-0.887428", "roll": "-0.971727", "pitch": "0.187102"}}, {"attitude": {"pitch": "0.186274", "yaw": "-0.875979", "roll": "-0.991108"}, "userAcceleration": {"y": "-0.493008", "x": "-1.441725", "z": "-1.294156"}, "timestamp": 1.0068960000007792}, {"userAcceleration": {"y": "-0.327106", "z": "-1.308218", "x": "-1.434678"}, "timestamp": 1.02703400000064, "attitude": {"pitch": "0.190322", "yaw": "-0.860469", "roll": "-1.010294"}}, {"attitude": {"yaw": "-0.848687", "roll": "-1.029860", "pitch": "0.182459"}, "timestamp": 1.0471720000005007, "userAcceleration": {"x": "-1.353918", "y": "-0.846261", "z": "-1.109804"}}, {"userAcceleration": {"x": "-1.271683", "y": "-1.042248", "z": "-0.972808"}, "timestamp": 1.0673100000003615, "attitude": {"roll": "-1.055620", "pitch": "0.166729", "yaw": "-0.834613"}}, {"attitude": {"yaw": "-0.804312", "roll": "-1.103210", "pitch": "0.155437"}, "userAcceleration": {"x": "-1.041123", "z": "-0.814756", "y": "-0.995594"}, "timestamp": 1.0874480000002222}, {"timestamp": 1.107586000000083, "attitude": {"pitch": "0.151389", "yaw": "-0.750691", "roll": "-1.182582"}, "userAcceleration": {"z": "-0.574326", "x": "-0.853799", "y": "-1.001456"}}, {"userAcceleration": {"y": "-1.158721", "z": "-0.002029", "x": "-0.960915"}, "attitude": {"roll": "-1.290853", "pitch": "0.137010", "yaw": "-0.678599"}, "timestamp": 1.1277239999999438}, {"userAcceleration": {"z": "0.326270", "x": "-1.197003", "y": "-1.301897"}, "attitude": {"yaw": "-0.563653", "pitch": "0.108672", "roll": "-1.425427"}, "timestamp": 1.1478619999998045}, {"attitude": {"pitch": "0.044538", "roll": "-1.582111", "yaw": "-0.394933"}, "userAcceleration": {"x": "-1.052920", "y": "-1.378282", "z": "0.654484"}, "timestamp": 1.1680000000014843}, {"userAcceleration": {"y": "-1.738786", "z": "1.456301", "x": "-0.504832"}, "attitude": {"roll": "-1.733238", "pitch": "-0.089170", "yaw": "-0.184047"}, "timestamp": 1.188138000001345}, {"attitude": {"pitch": "-0.301041", "yaw": "0.055237", "roll": "-1.842525"}, "userAcceleration": {"x": "-0.045635", "y": "-1.926672", "z": "2.537160"}, "timestamp": 1.2082760000012058}, {"attitude": {"yaw": "0.278539", "roll": "-1.907129", "pitch": "-0.555881"}, "userAcceleration": {"y": "-1.478498", "x": "0.055582", "z": "3.646207"}, "timestamp": 1.2284140000010666}, {"userAcceleration": {"y": "-1.131652", "x": "0.027879", "z": "4.350630"}, "timestamp": 1.2485520000009274, "attitude": {"pitch": "-0.783824", "yaw": "0.480981", "roll": "-1.944755"}}, {"timestamp": 1.2686890000004496, "userAcceleration": {"z": "5.307261", "x": "0.210007", "y": "-0.376898"}, "attitude": {"pitch": "-0.859169", "roll": "-1.968982", "yaw": "0.624393"}}, {"timestamp": 1.2888270000003104, "userAcceleration": {"z": "6.752659", "y": "3.170716", "x": "0.926012"}, "attitude": {"roll": "-1.930298", "pitch": "-0.686461", "yaw": "0.882390"}}, {"userAcceleration": {"x": "11.393380", "y": "1.358156", "z": "4.997749"}, "timestamp": 1.3089650000001711, "attitude": {"pitch": "-0.341821", "yaw": "1.221802", "roll": "-1.736516"}}, {"attitude": {"roll": "-1.390092", "yaw": "1.199210", "pitch": "0.224707"}, "userAcceleration": {"y": "-6.369617", "z": "5.802447", "x": "15.810213"}, "timestamp": 1.329103000000032}, {"userAcceleration": {"x": "11.572946", "y": "-8.634134", "z": "-0.957868"}, "attitude": {"roll": "-0.418179", "pitch": "0.537102", "yaw": "0.461408"}, "timestamp": 1.3492409999998927}, {"attitude": {"yaw": "-0.138215", "pitch": "-0.112864", "roll": "0.157163"}, "userAcceleration": {"y": "-3.466033", "z": "11.018439", "x": "10.946485"}, "timestamp": 1.3693789999997534}, {"timestamp": 1.3895170000014332, "userAcceleration": {"y": "2.707554", "x": "7.636968", "z": "28.456049"}, "attitude": {"roll": "0.132825", "pitch": "-0.478446", "yaw": "0.010697"}}, {"userAcceleration": {"z": "-2.707977", "y": "21.788092", "x": "15.964981"}, "timestamp": 1.409655000001294, "attitude": {"yaw": "0.443124", "roll": "0.595540", "pitch": "-0.137852"}}, {"attitude": {"yaw": "0.662970", "roll": "0.897033", "pitch": "-0.065621"}, "userAcceleration": {"x": "-4.240201", "y": "3.150719", "z": "13.937316"}, "timestamp": 1.4297930000011547}, {"attitude": {"roll": "1.132749", "yaw": "0.714322", "pitch": "-0.068063"}, "userAcceleration": {"x": "3.803195", "y": "-6.351840", "z": "2.075197"}, "timestamp": 1.4499310000010155}, {"timestamp": 1.4700690000008763, "userAcceleration": {"x": "12.450382", "y": "6.856147", "z": "5.791425"}, "attitude": {"roll": "1.254253", "pitch": "0.127842", "yaw": "0.735542"}}, {"timestamp": 1.490207000000737, "attitude": {"roll": "1.433783", "yaw": "0.727402", "pitch": "0.277579"}, "userAcceleration": {"z": "-1.266913", "y": "2.004268", "x": "3.767430"}}, {"attitude": {"roll": "1.547966", "yaw": "0.784501", "pitch": "0.351499"}, "userAcceleration": {"x": "5.813355", "z": "0.347452", "y": "0.047796"}, "timestamp": 1.5103440000002593}, {"timestamp": 1.53048200000012, "attitude": {"roll": "1.608305", "pitch": "0.407448", "yaw": "0.869466"}, "userAcceleration": {"x": "5.446998", "y": "0.417691", "z": "0.075647"}}, {"attitude": {"pitch": "0.473049", "roll": "1.672460", "yaw": "0.936004"}, "timestamp": 1.5506199999999808, "userAcceleration": {"z": "1.474095", "x": "4.431414", "y": "0.868642"}}, {"userAcceleration": {"y": "0.819942", "x": "3.280473", "z": "1.896710"}, "timestamp": 1.5707579999998416, "attitude": {"roll": "1.736506", "yaw": "0.968491", "pitch": "0.543746"}}, {"timestamp": 1.5908960000015213, "attitude": {"yaw": "0.968847", "roll": "1.805270", "pitch": "0.604584"}, "userAcceleration": {"y": "1.483474", "z": "1.196441", "x": "2.511893"}}, {"userAcceleration": {"z": "0.578260", "y": "0.903315", "x": "1.630325"}, "timestamp": 1.611034000001382, "attitude": {"pitch": "0.653381", "roll": "1.872968", "yaw": "0.953355"}}, {"timestamp": 1.6311720000012428, "attitude": {"pitch": "0.700392", "yaw": "0.914263", "roll": "1.935228"}, "userAcceleration": {"x": "2.072230", "z": "0.346047", "y": "0.640291"}}, {"attitude": {"roll": "2.002008", "pitch": "0.744371", "yaw": "0.842300"}, "userAcceleration": {"y": "0.502399", "z": "0.234842", "x": "1.984967"}, "timestamp": 1.6513100000011036}, {"userAcceleration": {"x": "1.512585", "y": "0.432219", "z": "0.040721"}, "timestamp": 1.6714480000009644, "attitude": {"roll": "2.080892", "pitch": "0.782660", "yaw": "0.742357"}}, {"timestamp": 1.6915860000008252, "attitude": {"roll": "2.166026", "pitch": "0.812081", "yaw": "0.616942"}, "userAcceleration": {"y": "0.339856", "z": "0.042498", "x": "1.305636"}}, {"timestamp": 1.711724000000686, "userAcceleration": {"x": "0.859147", "y": "0.398539", "z": "0.077525"}, "attitude": {"pitch": "0.826808", "yaw": "0.479050", "roll": "2.256685"}}, {"timestamp": 1.7318620000005467, "userAcceleration": {"x": "0.631299", "z": "0.359480", "y": "0.073038"}, "attitude": {"yaw": "0.357679", "roll": "2.332065", "pitch": "0.834295"}}, {"attitude": {"roll": "2.375785", "pitch": "0.849830", "yaw": "0.272717"}, "timestamp": 1.7520000000004075, "userAcceleration": {"z": "0.584419", "y": "-0.456123", "x": "0.597533"}}, {"timestamp": 1.7721369999999297, "attitude": {"pitch": "0.874016", "yaw": "0.211253", "roll": "2.390897"}, "userAcceleration": {"x": "0.672399", "y": "-0.669611", "z": "0.519511"}}, {"timestamp": 1.7922749999997905, "attitude": {"pitch": "0.903679", "roll": "2.393189", "yaw": "0.160152"}, "userAcceleration": {"y": "-0.304235", "x": "0.385648", "z": "0.216093"}}, {"attitude": {"pitch": "0.939229", "yaw": "0.126920", "roll": "2.383244"}, "userAcceleration": {"z": "0.071393", "x": "0.074719", "y": "-0.140864"}, "timestamp": 1.8124130000014702}, {"attitude": {"yaw": "0.109137", "roll": "2.363547", "pitch": "0.978569"}, "timestamp": 1.832551000001331, "userAcceleration": {"x": "-0.036623", "y": "-0.109327", "z": "0.043587"}}, {"attitude": {"yaw": "0.127160", "pitch": "1.025649", "roll": "2.305969"}, "timestamp": 1.8526890000011917, "userAcceleration": {"y": "0.060221", "x": "-0.029616", "z": "0.114027"}}, {"attitude": {"pitch": "1.072189", "roll": "2.201959", "yaw": "0.184659"}, "timestamp": 1.8728270000010525, "userAcceleration": {"z": "0.179765", "x": "-0.084651", "y": "0.064880"}}]