[{"attitude": {"roll": "-1.300212", "pitch": "-0.191134", "yaw": "0.121131"}, "userAcceleration": {"y": "-0.459778", "x": "-0.424447", "z": "-0.384682"}, "timestamp": 0.30206708333207644}, {"attitude": {"pitch": "-0.273576", "yaw": "0.117563", "roll": "-1.355062"}, "userAcceleration": {"x": "-0.515043", "y": "-0.478642", "z": "-0.340985"}, "timestamp": 0.3222050833319372}, {"timestamp": 0.34234308333361696, "attitude": {"yaw": "0.123973", "pitch": "-0.358701", "roll": "-1.408901"}, "userAcceleration": {"z": "-0.320444", "y": "-0.414672", "x": "-0.613015"}}, {"attitude": {"pitch": "-0.447836", "yaw": "0.135548", "roll": "-1.461008"}, "userAcceleration": {"x": "-0.694785", "z": "-0.257850", "y": "-0.321932"}, "timestamp": 0.3624810833334777}, {"attitude": {"pitch": "-0.543397", "yaw": "0.132401", "roll": "-1.521841"}, "userAcceleration": {"z": "-0.110350", "x": "-0.652088", "y": "-0.394137"}, "timestamp": 0.3826190833333385}, {"userAcceleration": {"z": "-0.048817", "x": "-0.605439", "y": "-0.370821"}, "attitude": {"yaw": "0.113819", "roll": "-1.598461", "pitch": "-0.640691"}, "timestamp": 0.4027560833328607}, {"userAcceleration": {"y": "-0.157621", "z": "-0.093607", "x": "-0.569017"}, "timestamp": 0.4228940833327215, "attitude": {"pitch": "-0.733833", "roll": "-1.691304", "yaw": "0.091544"}}, {"timestamp": 0.44303208333258226, "userAcceleration": {"z": "-0.123874", "y": "-0.059188", "x": "-0.547532"}, "attitude": {"roll": "-1.799482", "yaw": "0.071984", "pitch": "-0.819767"}}, {"timestamp": 0.46317008333244303, "userAcceleration": {"y": "0.131927", "z": "-0.134910", "x": "-0.428213"}, "attitude": {"pitch": "-0.899261", "yaw": "0.063958", "roll": "-1.917419"}}, {"userAcceleration": {"z": "-0.042003", "x": "-0.239424", "y": "0.481890"}, "attitude": {"pitch": "-0.967498", "yaw": "0.049778", "roll": "-2.061789"}, "timestamp": 0.4833080833323038}, {"userAcceleration": {"x": "-0.093710", "y": "0.565268", "z": "0.143495"}, "attitude": {"pitch": "-1.016073", "roll": "-2.242923", "yaw": "0.020670"}, "timestamp": 0.503445083333645}, {"attitude": {"roll": "-2.434769", "yaw": "0.006217", "pitch": "-1.051322"}, "userAcceleration": {"y": "0.548439", "z": "0.350060", "x": "-0.001846"}, "timestamp": 0.5235830833335058}, {"timestamp": 0.5437210833333666, "attitude": {"roll": "-2.611373", "pitch": "-1.089719", "yaw": "0.030497"}, "userAcceleration": {"x": "0.011359", "z": "0.690538", "y": "0.205788"}}, {"attitude": {"pitch": "-1.147569", "yaw": "0.094445", "roll": "-2.765332"}, "timestamp": 0.5638590833332273, "userAcceleration": {"z": "1.137587", "x": "0.020724", "y": "-0.247614"}}, {"timestamp": 0.5839970833330881, "attitude": {"roll": "-2.891350", "pitch": "-1.225279", "yaw": "0.196263"}, "userAcceleration": {"z": "1.800665", "x": "0.007898", "y": "-0.699476"}}, {"attitude": {"yaw": "0.387119", "roll": "-2.930761", "pitch": "-1.309452"}, "timestamp": 0.6041340833326103, "userAcceleration": {"x": "0.149287", "y": "-0.917322", "z": "2.617504"}}, {"userAcceleration": {"y": "-0.777049", "z": "3.218534", "x": "0.334539"}, "timestamp": 0.6242720833324711, "attitude": {"yaw": "0.885847", "roll": "-2.658426", "pitch": "-1.373195"}}, {"timestamp": 0.6444100833323319, "attitude": {"roll": "-2.056078", "pitch": "-1.312960", "yaw": "1.702198"}, "userAcceleration": {"x": "0.687524", "y": "-0.445872", "z": "3.845902"}}, {"userAcceleration": {"z": "4.313440", "x": "1.954720", "y": "0.044589"}, "attitude": {"pitch": "-1.067736", "yaw": "2.158681", "roll": "-1.783645"}, "timestamp": 0.6645480833321926}, {"timestamp": 0.6846860833320534, "userAcceleration": {"x": "5.046122", "y": "0.568658", "z": "5.062008"}, "attitude": {"yaw": "2.390492", "roll": "-1.656551", "pitch": "-0.670127"}}, {"timestamp": 0.7048230833333946, "userAcceleration": {"y": "0.060746", "x": "8.379454", "z": "6.068286"}, "attitude": {"roll": "-1.497715", "pitch": "-0.196373", "yaw": "2.487297"}}, {"timestamp": 0.7249610833332554, "attitude": {"pitch": "0.253744", "roll": "-1.147881", "yaw": "2.409021"}, "userAcceleration": {"y": "-1.964165", "z": "6.122178", "x": "12.472083"}}, {"timestamp": 0.7450990833331161, "attitude": {"roll": "-0.420916", "yaw": "1.995407", "pitch": "0.455265"}, "userAcceleration": {"x": "15.323583", "y": "-6.086392", "z": "4.554720"}}, {"userAcceleration": {"x": "16.984447", "y": "-8.801917", "z": "1.490939"}, "attitude": {"yaw": "1.623071", "roll": "0.282986", "pitch": "0.002435"}, "timestamp": 0.7652370833329769}, {"userAcceleration": {"x": "6.853720", "y": "-7.973557", "z": "11.184027"}, "timestamp": 0.7853750833328377, "attitude": {"pitch": "-0.695929", "roll": "0.692380", "yaw": "1.770633"}}, {"userAcceleration": {"z": "14.737657", "x": "4.332654", "y": "2.077495"}, "timestamp": 0.8055120833323599, "attitude": {"roll": "1.141695", "pitch": "-0.727205", "yaw": "2.322103"}}, {"timestamp": 0.8256500833322207, "attitude": {"yaw": "2.544857", "roll": "1.288893", "pitch": "-0.319730"}, "userAcceleration": {"x": "14.106050", "y": "5.965230", "z": "0.142916"}}, {"userAcceleration": {"z": "6.072213", "y": "-5.040835", "x": "2.087471"}, "attitude": {"pitch": "-0.126100", "yaw": "2.679912", "roll": "1.411304"}, "timestamp": 0.8457880833320814}, {"attitude": {"yaw": "2.711914", "roll": "1.458734", "pitch": "0.095024"}, "timestamp": 0.8659260833319422, "userAcceleration": {"y": "2.917177", "x": "8.560591", "z": "3.426677"}}, {"timestamp": 0.886064083333622, "attitude": {"roll": "1.555676", "pitch": "0.316156", "yaw": "2.647452"}, "userAcceleration": {"z": "0.786481", "y": "1.704134", "x": "5.705417"}}, {"timestamp": 0.9062010833331442, "attitude": {"roll": "1.677701", "yaw": "2.539913", "pitch": "0.498603"}, "userAcceleration": {"z": "1.557611", "x": "6.563087", "y": "1.591251"}}, {"attitude": {"pitch": "0.629997", "roll": "1.824865", "yaw": "2.471990"}, "timestamp": 0.926339083333005, "userAcceleration": {"z": "2.371202", "y": "0.803269", "x": "5.516067"}}, {"attitude": {"yaw": "2.481711", "pitch": "0.745775", "roll": "1.944824"}, "timestamp": 0.9464770833328657, "userAcceleration": {"z": "1.827196", "x": "5.042983", "y": "-0.578600"}}, {"userAcceleration": {"z": "0.646824", "x": "5.170704", "y": "0.086715"}, "timestamp": 0.9666150833327265, "attitude": {"yaw": "2.561575", "pitch": "0.861404", "roll": "1.987543"}}, {"timestamp": 0.9867530833325873, "attitude": {"yaw": "2.732562", "pitch": "0.971423", "roll": "1.923514"}, "userAcceleration": {"z": "0.579156", "y": "0.636755", "x": "3.471611"}}, {"timestamp": 1.0068900833321095, "userAcceleration": {"z": "0.545737", "x": "2.330421", "y": "1.542471"}, "attitude": {"pitch": "1.062368", "yaw": "2.936297", "roll": "1.795884"}}, {"userAcceleration": {"z": "0.227361", "y": "2.309250", "x": "1.509902"}, "attitude": {"yaw": "3.092275", "pitch": "1.132382", "roll": "1.687510"}, "timestamp": 1.0270280833319703}, {"timestamp": 1.04716608333365, "userAcceleration": {"x": "1.085840", "z": "0.401400", "y": "1.852002"}, "attitude": {"roll": "1.584401", "yaw": "-3.061938", "pitch": "1.182121"}}, {"attitude": {"pitch": "1.206566", "yaw": "-2.947620", "roll": "1.480887"}, "timestamp": 1.0673040833335108, "userAcceleration": {"x": "0.750158", "z": "0.575427", "y": "1.146450"}}, {"timestamp": 1.087441083333033, "attitude": {"roll": "1.411689", "yaw": "-2.884944", "pitch": "1.211281"}, "userAcceleration": {"x": "0.630101", "y": "1.182741", "z": "0.522401"}}, {"userAcceleration": {"y": "1.256187", "z": "0.367622", "x": "0.373912"}, "timestamp": 1.107579583333063, "attitude": {"yaw": "-2.904643", "roll": "1.413323", "pitch": "1.202889"}}, {"timestamp": 1.1277175833329238, "attitude": {"pitch": "1.181071", "roll": "1.467387", "yaw": "-2.991300"}, "userAcceleration": {"y": "1.165614", "z": "0.468342", "x": "0.382150"}}, {"timestamp": 1.1478555833327846, "attitude": {"roll": "1.543242", "yaw": "-3.113926", "pitch": "1.143588"}, "userAcceleration": {"x": "0.387904", "y": "0.997971", "z": "0.479082"}}, {"timestamp": 1.1679935833326454, "userAcceleration": {"y": "0.815147", "x": "0.466021", "z": "0.519223"}, "attitude": {"pitch": "1.088533", "roll": "1.612007", "yaw": "3.039160"}}, {"timestamp": 1.1881305833321676, "attitude": {"roll": "1.665526", "yaw": "2.912514", "pitch": "1.017174"}, "userAcceleration": {"z": "0.532773", "y": "0.665369", "x": "0.470513"}}, {"attitude": {"pitch": "0.932077", "roll": "1.703656", "yaw": "2.793889"}, "userAcceleration": {"z": "0.554373", "y": "0.528858", "x": "0.451323"}, "timestamp": 1.2082685833320284}, {"timestamp": 1.2284065833337081, "userAcceleration": {"y": "0.365229", "x": "0.542293", "z": "0.559984"}, "attitude": {"pitch": "0.835296", "yaw": "2.682652", "roll": "1.726751"}}, {"attitude": {"pitch": "0.732865", "roll": "1.729333", "yaw": "2.572591"}, "timestamp": 1.2485445833335689, "userAcceleration": {"y": "0.250316", "z": "0.690886", "x": "0.751122"}}, {"userAcceleration": {"z": "0.898607", "x": "0.930300", "y": "0.082816"}, "timestamp": 1.2686825833334296, "attitude": {"yaw": "2.462939", "pitch": "0.634260", "roll": "1.706043"}}, {"timestamp": 1.2888195833329519, "attitude": {"roll": "1.659419", "pitch": "0.542355", "yaw": "2.356255"}, "userAcceleration": {"z": "1.067337", "x": "0.951859", "y": "-0.237065"}}]