[{"attitude": {"pitch": "0.244687", "yaw": "-0.477221", "roll": "-0.749654"}, "userAcceleration": {"y": "-0.594036", "x": "0.086107", "z": "0.201105"}, "timestamp": 0.48331299999881594}, {"attitude": {"yaw": "-0.479292", "pitch": "0.252003", "roll": "-0.768264"}, "userAcceleration": {"y": "-0.499618", "x": "0.092099", "z": "0.016747"}, "timestamp": 0.5034510000004957}, {"attitude": {"pitch": "0.255692", "roll": "-0.795888", "yaw": "-0.482946"}, "userAcceleration": {"x": "-0.008954", "z": "-0.179999", "y": "-0.432678"}, "timestamp": 0.5235890000003565}, {"attitude": {"yaw": "-0.492590", "roll": "-0.821917", "pitch": "0.253131"}, "timestamp": 0.5437270000002172, "userAcceleration": {"z": "-0.373683", "y": "-0.524252", "x": "-0.295177"}}, {"timestamp": 0.563865000000078, "attitude": {"pitch": "0.243416", "yaw": "-0.503019", "roll": "-0.845087"}, "userAcceleration": {"x": "-0.566701", "y": "-0.691445", "z": "-0.670428"}}, {"timestamp": 0.5840029999999388, "userAcceleration": {"y": "-0.738215", "x": "-0.735068", "z": "-0.986678"}, "attitude": {"yaw": "-0.509510", "roll": "-0.870986", "pitch": "0.227002"}}, {"attitude": {"yaw": "-0.507846", "pitch": "0.210162", "roll": "-0.907468"}, "userAcceleration": {"z": "-1.276024", "x": "-0.887608", "y": "-0.641571"}, "timestamp": 0.6041409999997995}, {"attitude": {"yaw": "-0.497994", "roll": "-0.952267", "pitch": "0.191998"}, "timestamp": 0.6242789999996603, "userAcceleration": {"z": "-1.206025", "x": "-1.133664", "y": "-0.502203"}}, {"userAcceleration": {"x": "-1.394578", "y": "-0.505686", "z": "-0.866369"}, "timestamp": 0.6444169999995211, "attitude": {"yaw": "-0.489559", "roll": "-0.989310", "pitch": "0.176318"}}, {"timestamp": 0.6645549999993818, "attitude": {"yaw": "-0.471562", "roll": "-1.016409", "pitch": "0.163420"}, "userAcceleration": {"y": "-0.676982", "x": "-1.522708", "z": "-0.745697"}}, {"attitude": {"yaw": "-0.432246", "roll": "-1.068520", "pitch": "0.152962"}, "timestamp": 0.6846929999992426, "userAcceleration": {"y": "-0.960580", "z": "-0.781051", "x": "-1.253435"}}, {"timestamp": 0.7048309999991034, "userAcceleration": {"z": "-0.619915", "x": "-1.122888", "y": "-1.168107"}, "attitude": {"pitch": "0.141677", "yaw": "-0.372494", "roll": "-1.166055"}}, {"timestamp": 0.7249694999991334, "userAcceleration": {"x": "-1.411168", "z": "-0.142194", "y": "-1.478394"}, "attitude": {"yaw": "-0.283933", "pitch": "0.107752", "roll": "-1.296191"}}, {"timestamp": 0.7451074999989942, "attitude": {"yaw": "-0.149387", "roll": "-1.450655", "pitch": "0.056053"}, "userAcceleration": {"x": "-1.709436", "y": "-1.204855", "z": "0.228978"}}, {"attitude": {"pitch": "-0.034216", "yaw": "0.022552", "roll": "-1.624971"}, "userAcceleration": {"z": "0.917625", "x": "-1.269843", "y": "-1.176925"}, "timestamp": 0.7652454999988549}, {"timestamp": 0.7853835000005347, "userAcceleration": {"y": "-1.314510", "x": "-0.748043", "z": "1.720076"}, "attitude": {"pitch": "-0.199217", "yaw": "0.213602", "roll": "-1.779995"}}, {"userAcceleration": {"y": "-1.595138", "z": "2.536446", "x": "-0.375204"}, "attitude": {"roll": "-1.885466", "pitch": "-0.429244", "yaw": "0.398967"}, "timestamp": 0.8055215000003955}, {"attitude": {"pitch": "-0.681201", "yaw": "0.578841", "roll": "-1.947777"}, "timestamp": 0.8256595000002562, "userAcceleration": {"y": "-1.759411", "z": "3.049736", "x": "0.102412"}}, {"timestamp": 0.845797500000117, "attitude": {"pitch": "-0.905542", "roll": "-1.951508", "yaw": "0.791377"}, "userAcceleration": {"z": "4.106438", "x": "0.362722", "y": "-1.678514"}}, {"attitude": {"pitch": "-0.921213", "yaw": "0.980012", "roll": "-2.006859"}, "userAcceleration": {"y": "0.003698", "x": "0.918112", "z": "5.453998"}, "timestamp": 0.8659354999999778}, {"timestamp": 0.8860734999998385, "userAcceleration": {"z": "6.413486", "y": "5.431090", "x": "4.219506"}, "attitude": {"roll": "-1.861804", "pitch": "-0.778776", "yaw": "1.288887"}}, {"userAcceleration": {"y": "-0.534985", "z": "7.528549", "x": "8.824177"}, "timestamp": 0.9062114999996993, "attitude": {"yaw": "1.571167", "pitch": "-0.416740", "roll": "-1.699777"}}, {"timestamp": 0.9263494999995601, "attitude": {"yaw": "1.527000", "pitch": "0.144406", "roll": "-1.341317"}, "userAcceleration": {"x": "12.811367", "y": "-4.979524", "z": "3.882421"}}, {"userAcceleration": {"z": "2.430502", "x": "11.799323", "y": "-7.982885"}, "attitude": {"yaw": "0.857747", "roll": "-0.418010", "pitch": "0.486954"}, "timestamp": 0.9464874999994208}, {"timestamp": 0.9666254999992816, "attitude": {"roll": "0.124874", "yaw": "0.242965", "pitch": "-0.145028"}, "userAcceleration": {"x": "15.643329", "y": "-2.316258", "z": "9.837922"}}, {"timestamp": 0.9867634999991424, "userAcceleration": {"y": "-2.164283", "z": "26.434923", "x": "9.066099"}, "attitude": {"pitch": "-0.628005", "roll": "0.077391", "yaw": "0.328920"}}, {"userAcceleration": {"y": "23.081850", "x": "7.750571", "z": "0.476383"}, "attitude": {"pitch": "-0.384707", "yaw": "0.779271", "roll": "0.752022"}, "timestamp": 1.0069014999990031}, {"attitude": {"pitch": "-0.276030", "roll": "1.033404", "yaw": "0.953633"}, "userAcceleration": {"z": "14.543500", "x": "-0.137928", "y": "-0.520326"}, "timestamp": 1.027039499998864}, {"timestamp": 1.0471774999987247, "userAcceleration": {"x": "4.569342", "y": "-4.837585", "z": "4.844352"}, "attitude": {"pitch": "-0.240642", "roll": "1.215375", "yaw": "1.039650"}}, {"userAcceleration": {"y": "6.516123", "x": "9.392229", "z": "1.621812"}, "timestamp": 1.0673155000004044, "attitude": {"roll": "1.387894", "yaw": "1.024569", "pitch": "-0.059229"}}, {"timestamp": 1.0874535000002652, "attitude": {"yaw": "1.004653", "pitch": "0.090798", "roll": "1.540917"}, "userAcceleration": {"x": "6.314607", "y": "2.657904", "z": "-0.765796"}}, {"timestamp": 1.107591500000126, "attitude": {"pitch": "0.194677", "yaw": "1.026247", "roll": "1.671297"}, "userAcceleration": {"z": "-0.059770", "x": "5.562827", "y": "0.357817"}}, {"timestamp": 1.1277294999999867, "userAcceleration": {"y": "1.937299", "z": "-1.138804", "x": "4.223681"}, "attitude": {"pitch": "0.280756", "yaw": "1.018285", "roll": "1.815713"}}, {"attitude": {"yaw": "1.007053", "pitch": "0.341698", "roll": "1.938229"}, "userAcceleration": {"y": "1.170246", "x": "3.400685", "z": "-0.252394"}, "timestamp": 1.1478674999998475}, {"timestamp": 1.1680054999997083, "attitude": {"roll": "2.024092", "pitch": "0.390127", "yaw": "1.013257"}, "userAcceleration": {"y": "-0.193669", "x": "2.826242", "z": "0.911152"}}, {"timestamp": 1.188143499999569, "userAcceleration": {"x": "2.535346", "y": "-0.199004", "z": "1.284938"}, "attitude": {"roll": "2.081471", "pitch": "0.436507", "yaw": "1.021761"}}, {"timestamp": 1.2082814999994298, "attitude": {"yaw": "1.007166", "pitch": "0.476191", "roll": "2.136299"}, "userAcceleration": {"y": "0.093209", "z": "0.724945", "x": "2.108531"}}, {"userAcceleration": {"z": "-0.226357", "x": "1.412313", "y": "0.928877"}, "timestamp": 1.2284194999992906, "attitude": {"roll": "2.203602", "pitch": "0.503398", "yaw": "0.964334"}}, {"timestamp": 1.2485574999991513, "attitude": {"pitch": "0.524247", "roll": "2.266903", "yaw": "0.900283"}, "userAcceleration": {"x": "1.411866", "y": "0.612393", "z": "-0.302905"}}, {"attitude": {"pitch": "0.540147", "yaw": "0.823956", "roll": "2.324650"}, "timestamp": 1.268695499999012, "userAcceleration": {"x": "1.396633", "y": "0.195140", "z": "-0.048634"}}, {"attitude": {"roll": "2.379224", "pitch": "0.554069", "yaw": "0.741524"}, "timestamp": 1.2888334999988729, "userAcceleration": {"y": "0.004057", "z": "0.202561", "x": "1.174515"}}, {"timestamp": 1.3089714999987336, "attitude": {"pitch": "0.571686", "yaw": "0.661785", "roll": "2.423002"}, "userAcceleration": {"y": "-0.146434", "z": "0.418502", "x": "1.060675"}}, {"userAcceleration": {"y": "-0.170852", "z": "0.419530", "x": "0.839628"}, "timestamp": 1.3291095000004134, "attitude": {"yaw": "0.588235", "roll": "2.456646", "pitch": "0.592415"}}, {"attitude": {"pitch": "0.617480", "roll": "2.483396", "yaw": "0.526431"}, "timestamp": 1.3492475000002742, "userAcceleration": {"x": "0.611478", "y": "-0.164167", "z": "0.389518"}}, {"userAcceleration": {"z": "0.469498", "y": "-0.342957", "x": "0.474520"}, "timestamp": 1.369385500000135, "attitude": {"pitch": "0.652369", "yaw": "0.483546", "roll": "2.500513"}}, {"attitude": {"roll": "2.502657", "pitch": "0.704144", "yaw": "0.461033"}, "timestamp": 1.3895234999999957, "userAcceleration": {"x": "0.450503", "y": "-0.453067", "z": "0.478335"}}, {"attitude": {"pitch": "0.777085", "yaw": "0.462192", "roll": "2.481226"}, "userAcceleration": {"z": "0.479529", "x": "0.422727", "y": "-0.351912"}, "timestamp": 1.4096614999998565}, {"userAcceleration": {"x": "0.351780", "z": "0.360731", "y": "-0.087757"}, "timestamp": 1.4297994999997172, "attitude": {"pitch": "0.858710", "roll": "2.433905", "yaw": "0.482980"}}, {"timestamp": 1.449937499999578, "userAcceleration": {"x": "0.240446", "y": "0.303482", "z": "0.249030"}, "attitude": {"yaw": "0.529619", "pitch": "0.942122", "roll": "2.355268"}}, {"userAcceleration": {"x": "0.148103", "y": "0.266634", "z": "0.204290"}, "timestamp": 1.4700754999994388, "attitude": {"pitch": "1.020857", "roll": "2.238304", "yaw": "0.609553"}}]