[{"timestamp": 0.7450925416669634, "userAcceleration": {"x": "-0.079463", "y": "-0.312270", "z": "0.183062"}, "attitude": {"pitch": "-0.000136", "yaw": "-1.220510", "roll": "-1.356886"}}, {"timestamp": 0.7652305416668241, "attitude": {"pitch": "-0.008243", "yaw": "-1.199364", "roll": "-1.398504"}, "userAcceleration": {"x": "-0.058083", "z": "0.240634", "y": "-0.363636"}}, {"timestamp": 0.7853675416663464, "attitude": {"pitch": "-0.016938", "yaw": "-1.176252", "roll": "-1.439227"}, "userAcceleration": {"x": "-0.059169", "y": "-0.386383", "z": "0.313331"}}, {"timestamp": 0.8055055416662071, "attitude": {"roll": "-1.478499", "pitch": "-0.024735", "yaw": "-1.151311"}, "userAcceleration": {"x": "-0.194319", "y": "-0.409086", "z": "0.377096"}}, {"timestamp": 0.8256435416660679, "userAcceleration": {"x": "-0.291197", "y": "-0.354658", "z": "0.533094"}, "attitude": {"yaw": "-1.122948", "pitch": "-0.030734", "roll": "-1.516670"}}, {"userAcceleration": {"x": "-0.437794", "z": "0.637827", "y": "-0.378621"}, "timestamp": 0.8457805416674091, "attitude": {"yaw": "-1.088133", "roll": "-1.552830", "pitch": "-0.034817"}}, {"attitude": {"roll": "-1.590119", "pitch": "-0.037260", "yaw": "-1.044741"}, "timestamp": 0.8659185416672699, "userAcceleration": {"x": "-0.495052", "z": "0.675363", "y": "-0.429539"}}, {"attitude": {"roll": "-1.634306", "pitch": "-0.040926", "yaw": "-0.991601"}, "userAcceleration": {"x": "-0.588545", "y": "-0.556128", "z": "0.690493"}, "timestamp": 0.8860555416667921}, {"attitude": {"pitch": "-0.048277", "yaw": "-0.929704", "roll": "-1.685832"}, "userAcceleration": {"x": "-0.752304", "y": "-0.665339", "z": "0.786002"}, "timestamp": 0.9061935416666529}, {"userAcceleration": {"x": "-0.907129", "y": "-0.772822", "z": "0.906903"}, "timestamp": 0.9263315416665137, "attitude": {"roll": "-1.741847", "yaw": "-0.858664", "pitch": "-0.063025"}}, {"timestamp": 0.9464685416660359, "userAcceleration": {"z": "0.996594", "y": "-0.756069", "x": "-0.919555"}, "attitude": {"pitch": "-0.084737", "yaw": "-0.775956", "roll": "-1.803284"}}, {"attitude": {"yaw": "-0.680495", "roll": "-1.869646", "pitch": "-0.110304"}, "timestamp": 0.9666065416658967, "userAcceleration": {"y": "-0.823917", "z": "1.165940", "x": "-0.810874"}}, {"timestamp": 0.9867445416657574, "attitude": {"roll": "-1.935620", "pitch": "-0.142347", "yaw": "-0.564904"}, "userAcceleration": {"x": "-0.687856", "y": "-1.013906", "z": "1.351643"}}, {"timestamp": 1.0068815416670986, "attitude": {"pitch": "-0.183277", "roll": "-1.992905", "yaw": "-0.427386"}, "userAcceleration": {"y": "-1.195528", "z": "1.569436", "x": "-0.526894"}}, {"attitude": {"pitch": "-0.238019", "yaw": "-0.270558", "roll": "-2.033011"}, "userAcceleration": {"y": "-1.498504", "x": "-0.272425", "z": "1.742559"}, "timestamp": 1.0270195416669594}, {"timestamp": 1.0471565416664816, "userAcceleration": {"y": "-1.731218", "z": "1.914163", "x": "-0.031685"}, "attitude": {"pitch": "-0.304601", "yaw": "-0.093645", "roll": "-2.040712"}}, {"attitude": {"yaw": "0.110829", "roll": "-2.002823", "pitch": "-0.371461"}, "userAcceleration": {"x": "0.344109", "y": "-2.049409", "z": "2.164060"}, "timestamp": 1.0672945416663424}, {"userAcceleration": {"z": "2.361234", "y": "-2.176332", "x": "0.746978"}, "timestamp": 1.0874325416662032, "attitude": {"pitch": "-0.400002", "roll": "-1.916813", "yaw": "0.339670"}}, {"attitude": {"yaw": "0.582837", "roll": "-1.769974", "pitch": "-0.344349"}, "userAcceleration": {"x": "1.205050", "y": "-1.635008", "z": "2.654588"}, "timestamp": 1.1075690416673751}, {"userAcceleration": {"x": "1.858003", "y": "-0.735345", "z": "3.156440"}, "timestamp": 1.127707041667236, "attitude": {"pitch": "-0.171069", "yaw": "0.811301", "roll": "-1.598805"}}, {"timestamp": 1.1478450416670967, "attitude": {"roll": "-1.434118", "yaw": "0.997504", "pitch": "0.100191"}, "userAcceleration": {"y": "0.346392", "x": "4.411609", "z": "3.860682"}}, {"timestamp": 1.167982041666619, "attitude": {"yaw": "1.035579", "roll": "-1.177315", "pitch": "0.422512"}, "userAcceleration": {"x": "5.235520", "y": "0.567829", "z": "4.015018"}}, {"attitude": {"pitch": "0.611849", "yaw": "0.798466", "roll": "-0.708798"}, "userAcceleration": {"x": "8.768294", "y": "-0.906011", "z": "4.266004"}, "timestamp": 1.1881200416664797}, {"timestamp": 1.208257041666002, "attitude": {"roll": "-0.160169", "yaw": "0.479788", "pitch": "0.429748"}, "userAcceleration": {"x": "10.658792", "y": "-2.725280", "z": "3.367085"}}, {"attitude": {"roll": "0.138383", "pitch": "0.097038", "yaw": "0.298149"}, "timestamp": 1.2283950416658627, "userAcceleration": {"y": "-5.766838", "z": "2.055696", "x": "6.440619"}}, {"attitude": {"pitch": "-0.248895", "roll": "0.326799", "yaw": "0.399006"}, "userAcceleration": {"z": "7.718657", "x": "2.534978", "y": "0.273274"}, "timestamp": 1.2485330416657234}, {"timestamp": 1.2686700416670647, "userAcceleration": {"x": "3.072683", "y": "1.072293", "z": "5.703427"}, "attitude": {"pitch": "-0.291737", "roll": "0.660248", "yaw": "0.668249"}}, {"timestamp": 1.2888080416669254, "attitude": {"pitch": "-0.172666", "yaw": "0.869677", "roll": "0.942538"}, "userAcceleration": {"z": "5.397616", "x": "5.111914", "y": "-1.713344"}}, {"userAcceleration": {"x": "7.364276", "y": "-2.451003", "z": "5.632022"}, "timestamp": 1.3089450416664477, "attitude": {"pitch": "-0.071945", "roll": "1.162405", "yaw": "1.039902"}}, {"timestamp": 1.3290830416663084, "attitude": {"yaw": "1.193760", "pitch": "0.025656", "roll": "1.323886"}, "userAcceleration": {"z": "4.079473", "y": "-1.630780", "x": "7.380073"}}, {"timestamp": 1.3492210416661692, "userAcceleration": {"y": "0.100051", "z": "1.693261", "x": "8.103967"}, "attitude": {"yaw": "1.281493", "roll": "1.412370", "pitch": "0.163384"}}, {"userAcceleration": {"y": "1.652567", "z": "-0.226880", "x": "7.139507"}, "attitude": {"pitch": "0.332858", "yaw": "1.285210", "roll": "1.500812"}, "timestamp": 1.3693580416675104}, {"timestamp": 1.3894960416673712, "attitude": {"pitch": "0.470015", "roll": "1.597435", "yaw": "1.290068"}, "userAcceleration": {"x": "5.778646", "z": "0.161906", "y": "0.213443"}}, {"timestamp": 1.4096330416668934, "attitude": {"pitch": "0.582259", "yaw": "1.320349", "roll": "1.685173"}, "userAcceleration": {"y": "-0.086974", "z": "0.062271", "x": "5.384591"}}, {"attitude": {"yaw": "1.346117", "roll": "1.768372", "pitch": "0.695532"}, "userAcceleration": {"y": "0.435884", "z": "-0.222581", "x": "4.699509"}, "timestamp": 1.4297710416667542}, {"attitude": {"pitch": "0.817340", "yaw": "1.357449", "roll": "1.844114"}, "userAcceleration": {"x": "3.690201", "y": "0.505757", "z": "-0.502240"}, "timestamp": 1.449909041666615}, {"attitude": {"yaw": "1.348600", "roll": "1.905927", "pitch": "0.941641"}, "userAcceleration": {"x": "3.025651", "y": "0.740364", "z": "-0.413298"}, "timestamp": 1.4700460416661372}, {"timestamp": 1.490184041665998, "attitude": {"pitch": "1.056848", "yaw": "1.325505", "roll": "1.949720"}, "userAcceleration": {"z": "-0.362326", "x": "2.561885", "y": "0.676306"}}, {"attitude": {"roll": "1.993768", "yaw": "1.297357", "pitch": "1.169365"}, "timestamp": 1.5103220416658587, "userAcceleration": {"z": "-0.425050", "x": "2.009619", "y": "1.007661"}}, {"timestamp": 1.5304590416672, "userAcceleration": {"x": "1.710765", "y": "0.786416", "z": "-0.382645"}, "attitude": {"pitch": "1.270054", "yaw": "1.279011", "roll": "2.028747"}}, {"timestamp": 1.5505970416670607, "userAcceleration": {"y": "1.107230", "x": "1.845066", "z": "-0.409985"}, "attitude": {"pitch": "1.358481", "roll": "2.097723", "yaw": "1.212677"}}, {"timestamp": 1.570734041666583, "attitude": {"roll": "2.140780", "pitch": "1.423458", "yaw": "1.146500"}, "userAcceleration": {"z": "-0.397822", "y": "0.767760", "x": "1.543228"}}, {"attitude": {"roll": "2.280321", "yaw": "0.972368", "pitch": "1.467013"}, "userAcceleration": {"y": "1.159720", "z": "-0.534150", "x": "1.097842"}, "timestamp": 1.5908720416664437}, {"timestamp": 1.6110100416663045, "userAcceleration": {"x": "0.675059", "y": "0.710692", "z": "-0.400163"}, "attitude": {"roll": "2.538869", "pitch": "1.486788", "yaw": "0.672875"}}, {"timestamp": 1.6311470416658267, "attitude": {"roll": "2.794529", "yaw": "0.365201", "pitch": "1.492822"}, "userAcceleration": {"z": "-0.133782", "y": "0.471708", "x": "0.731073"}}, {"userAcceleration": {"y": "0.270867", "z": "0.104019", "x": "0.468160"}, "timestamp": 1.6512850416675064, "attitude": {"roll": "2.924027", "pitch": "1.494540", "yaw": "0.179969"}}, {"userAcceleration": {"z": "0.234550", "y": "0.364179", "x": "0.367911"}, "timestamp": 1.6714220416670287, "attitude": {"roll": "2.944640", "pitch": "1.492613", "yaw": "0.102862"}}, {"userAcceleration": {"x": "0.314748", "y": "0.321378", "z": "0.233791"}, "timestamp": 1.6915600416668894, "attitude": {"yaw": "0.116857", "pitch": "1.482870", "roll": "2.873460"}}, {"userAcceleration": {"y": "0.247288", "z": "0.327133", "x": "0.266856"}, "timestamp": 1.7116980416667502, "attitude": {"pitch": "1.472905", "yaw": "0.186527", "roll": "2.747846"}}, {"timestamp": 1.7318350416662724, "attitude": {"yaw": "0.319432", "pitch": "1.465275", "roll": "2.558584"}, "userAcceleration": {"y": "0.078163", "z": "0.344233", "x": "0.275129"}}]