[{"timestamp": 0.4631620000000112, "attitude": {"pitch": "-0.002383", "yaw": "0.307226", "roll": "-1.379490"}, "userAcceleration": {"y": "-0.295702", "x": "-0.107739", "z": "0.215761"}}, {"attitude": {"pitch": "-0.008177", "yaw": "0.320771", "roll": "-1.392091"}, "userAcceleration": {"x": "-0.240873", "y": "-0.376250", "z": "0.238175"}, "timestamp": 0.4832989999995334}, {"attitude": {"yaw": "0.337557", "roll": "-1.408121", "pitch": "-0.015787"}, "userAcceleration": {"x": "-0.387303", "z": "0.305951", "y": "-0.411172"}, "timestamp": 0.5034360000008746}, {"timestamp": 0.5235740000007354, "attitude": {"yaw": "0.358465", "pitch": "-0.023998", "roll": "-1.427061"}, "userAcceleration": {"x": "-0.491844", "y": "-0.383584", "z": "0.357280"}}, {"userAcceleration": {"y": "-0.463102", "z": "0.403858", "x": "-0.597582"}, "timestamp": 0.5437110000002576, "attitude": {"yaw": "0.383120", "roll": "-1.448428", "pitch": "-0.032856"}}, {"attitude": {"roll": "-1.471843", "pitch": "-0.043916", "yaw": "0.416479"}, "timestamp": 0.5638490000001184, "userAcceleration": {"y": "-0.495852", "z": "0.412006", "x": "-0.722862"}}, {"timestamp": 0.5839859999996406, "attitude": {"pitch": "-0.055542", "yaw": "0.458499", "roll": "-1.500006"}, "userAcceleration": {"y": "-0.562303", "z": "0.399022", "x": "-0.774398"}}, {"userAcceleration": {"y": "-0.611919", "z": "0.444961", "x": "-0.782066"}, "timestamp": 0.6041240000013204, "attitude": {"yaw": "0.504244", "pitch": "-0.068898", "roll": "-1.537157"}}, {"userAcceleration": {"z": "0.517035", "x": "-0.808040", "y": "-0.603977"}, "timestamp": 0.6242605833340349, "attitude": {"roll": "-1.584494", "yaw": "0.556187", "pitch": "-0.082816"}}, {"attitude": {"pitch": "-0.097161", "roll": "-1.642389", "yaw": "0.617746"}, "userAcceleration": {"y": "-0.575570", "x": "-0.807345", "z": "0.669392"}, "timestamp": 0.6443985833338957}, {"timestamp": 0.6645355833334179, "attitude": {"pitch": "-0.112046", "roll": "-1.707372", "yaw": "0.690393"}, "userAcceleration": {"x": "-0.841940", "y": "-0.557719", "z": "0.882021"}}, {"attitude": {"yaw": "0.780444", "roll": "-1.773258", "pitch": "-0.130199"}, "timestamp": 0.6846725833329401, "userAcceleration": {"y": "-0.648065", "z": "0.992790", "x": "-0.800521"}}, {"timestamp": 0.7048105833346199, "attitude": {"yaw": "0.890442", "pitch": "-0.154536", "roll": "-1.838690"}, "userAcceleration": {"x": "-0.562801", "y": "-0.795905", "z": "1.168309"}}, {"userAcceleration": {"z": "1.367716", "y": "-0.955379", "x": "-0.266086"}, "timestamp": 0.7249475833341421, "attitude": {"pitch": "-0.189032", "roll": "-1.900636", "yaw": "1.020933"}}, {"timestamp": 0.7450855833340029, "attitude": {"pitch": "-0.230917", "yaw": "1.172961", "roll": "-1.950992"}, "userAcceleration": {"y": "-1.034077", "z": "1.616562", "x": "-0.043001"}}, {"timestamp": 0.7652225833335251, "userAcceleration": {"x": "0.194874", "y": "-1.184523", "z": "1.943265"}, "attitude": {"pitch": "-0.275456", "roll": "-1.980809", "yaw": "1.349176"}}, {"userAcceleration": {"x": "0.506183", "z": "2.193041", "y": "-1.353799"}, "timestamp": 0.7853605833333859, "attitude": {"pitch": "-0.319729", "roll": "-1.973526", "yaw": "1.556638"}}, {"timestamp": 0.8054975833329081, "userAcceleration": {"x": "0.914579", "y": "-1.260964", "z": "2.466670"}, "attitude": {"roll": "-1.908826", "yaw": "1.801678", "pitch": "-0.345495"}}, {"userAcceleration": {"z": "2.822518", "x": "1.306269", "y": "-0.725425"}, "attitude": {"yaw": "2.071779", "pitch": "-0.298327", "roll": "-1.770953"}, "timestamp": 0.8256345833342493}, {"userAcceleration": {"x": "2.205316", "y": "0.494839", "z": "3.399678"}, "attitude": {"pitch": "-0.109353", "yaw": "2.333616", "roll": "-1.647589"}, "timestamp": 0.8457725833341101}, {"attitude": {"pitch": "0.157962", "yaw": "2.542102", "roll": "-1.542924"}, "timestamp": 0.8659095833336323, "userAcceleration": {"x": "5.833831", "y": "2.414600", "z": "4.214961"}}, {"timestamp": 0.8860475833334931, "attitude": {"pitch": "0.509085", "roll": "-1.368357", "yaw": "2.627718"}, "userAcceleration": {"z": "4.018718", "y": "1.000074", "x": "6.172071"}}, {"timestamp": 0.9061845833330153, "attitude": {"pitch": "0.811513", "roll": "-0.914470", "yaw": "2.374059"}, "userAcceleration": {"y": "-0.083661", "z": "3.987392", "x": "9.122069"}}, {"attitude": {"roll": "-0.169796", "yaw": "1.870695", "pitch": "0.646227"}, "userAcceleration": {"y": "-1.867273", "z": "4.340179", "x": "9.769171"}, "timestamp": 0.9263225833328761}, {"timestamp": 0.9464595833342173, "attitude": {"roll": "0.241366", "yaw": "1.627432", "pitch": "0.227083"}, "userAcceleration": {"x": "6.507860", "z": "4.015053", "y": "-5.402335"}}, {"timestamp": 0.9665965833337395, "userAcceleration": {"z": "9.205789", "x": "3.945710", "y": "-0.770552"}, "attitude": {"yaw": "1.724487", "roll": "0.381050", "pitch": "-0.177411"}}, {"attitude": {"yaw": "2.010988", "pitch": "-0.242665", "roll": "0.695011"}, "userAcceleration": {"y": "2.721563", "z": "5.754851", "x": "3.372311"}, "timestamp": 0.9867345833336003}, {"attitude": {"pitch": "-0.123118", "roll": "0.971207", "yaw": "2.220972"}, "timestamp": 1.0068715833331225, "userAcceleration": {"x": "5.562167", "z": "5.724659", "y": "-2.083837"}}, {"userAcceleration": {"x": "6.917256", "z": "5.279005", "y": "-1.815888"}, "timestamp": 1.0270095833329833, "attitude": {"pitch": "-0.022708", "yaw": "2.395290", "roll": "1.180495"}}, {"timestamp": 1.0471465833343245, "attitude": {"pitch": "0.078466", "yaw": "2.531762", "roll": "1.322545"}, "userAcceleration": {"y": "-0.044402", "x": "7.396417", "z": "3.502049"}}, {"timestamp": 1.0672845833341853, "attitude": {"yaw": "2.560426", "roll": "1.431612", "pitch": "0.238752"}, "userAcceleration": {"y": "1.623042", "x": "7.959821", "z": "0.829396"}}, {"userAcceleration": {"z": "0.289406", "x": "6.942332", "y": "0.774921"}, "timestamp": 1.0874215833337075, "attitude": {"pitch": "0.413113", "yaw": "2.516869", "roll": "1.563707"}}, {"timestamp": 1.1075585833332298, "userAcceleration": {"x": "6.293262", "z": "0.678621", "y": "-1.050126"}, "attitude": {"pitch": "0.545569", "yaw": "2.509353", "roll": "1.687261"}}, {"timestamp": 1.1276965833330905, "attitude": {"roll": "1.792799", "yaw": "2.539994", "pitch": "0.668916"}, "userAcceleration": {"z": "-0.016879", "y": "-0.497585", "x": "5.724886"}}, {"timestamp": 1.1478335833344318, "attitude": {"roll": "1.880232", "pitch": "0.797796", "yaw": "2.573394"}, "userAcceleration": {"x": "5.091074", "y": "0.252119", "z": "-0.536510"}}, {"attitude": {"pitch": "0.934855", "roll": "1.934044", "yaw": "2.617894"}, "userAcceleration": {"z": "-0.374347", "x": "3.893535", "y": "0.336785"}, "timestamp": 1.1679715833342925}, {"userAcceleration": {"x": "3.251121", "y": "0.580999", "z": "-0.322169"}, "timestamp": 1.1881085833338147, "attitude": {"yaw": "2.676114", "roll": "1.939573", "pitch": "1.074665"}}, {"timestamp": 1.208245583333337, "attitude": {"pitch": "1.213958", "roll": "1.910324", "yaw": "2.737342"}, "userAcceleration": {"y": "1.005868", "x": "2.609409", "z": "-0.177264"}}, {"attitude": {"yaw": "2.820382", "roll": "1.852263", "pitch": "1.343323"}, "userAcceleration": {"z": "-0.015582", "x": "1.939974", "y": "0.939403"}, "timestamp": 1.2283835833331977}, {"userAcceleration": {"z": "-0.118807", "y": "0.949672", "x": "1.864051"}, "attitude": {"roll": "1.736717", "pitch": "1.455880", "yaw": "2.953291"}, "timestamp": 1.248520583334539}, {"attitude": {"yaw": "-2.708688", "roll": "1.107133", "pitch": "1.548502"}, "userAcceleration": {"z": "-0.074499", "x": "1.964932", "y": "0.875545"}, "timestamp": 1.2686585833343997}, {"timestamp": 1.288795583333922, "attitude": {"yaw": "-0.217428", "roll": "-1.420773", "pitch": "1.503693"}, "userAcceleration": {"y": "0.933647", "z": "-0.123171", "x": "1.682193"}}, {"timestamp": 1.3089335833337827, "userAcceleration": {"x": "1.066023", "z": "-0.040059", "y": "0.903251"}, "attitude": {"pitch": "1.420526", "yaw": "0.005190", "roll": "-1.688005"}}, {"timestamp": 1.329070583333305, "attitude": {"pitch": "1.343472", "yaw": "0.090621", "roll": "-1.813340"}, "userAcceleration": {"x": "0.598796", "y": "0.533767", "z": "0.073649"}}, {"timestamp": 1.3492075833346462, "attitude": {"roll": "-1.878669", "pitch": "1.277559", "yaw": "0.120161"}, "userAcceleration": {"z": "0.254235", "y": "0.270820", "x": "0.499126"}}, {"userAcceleration": {"y": "0.272547", "z": "0.304656", "x": "0.548823"}, "attitude": {"roll": "-1.931636", "pitch": "1.222174", "yaw": "0.136120"}, "timestamp": 1.369345583334507}, {"userAcceleration": {"y": "0.278703", "x": "0.495974", "z": "0.243699"}, "attitude": {"roll": "-1.987353", "pitch": "1.173014", "yaw": "0.155596"}, "timestamp": 1.3894825833340292}, {"attitude": {"pitch": "1.130355", "yaw": "0.166397", "roll": "-2.034981"}, "timestamp": 1.40962058333389, "userAcceleration": {"y": "0.083656", "z": "0.204273", "x": "0.462038"}}, {"timestamp": 1.4297575833334122, "userAcceleration": {"x": "0.403720", "y": "0.038722", "z": "0.129311"}, "attitude": {"yaw": "0.168057", "roll": "-2.075492", "pitch": "1.094563"}}, {"userAcceleration": {"z": "0.085958", "y": "0.062557", "x": "0.411390"}, "attitude": {"yaw": "0.161026", "pitch": "1.064357", "roll": "-2.110929"}, "timestamp": 1.4498945833329344}]