[{"attitude": {"yaw": "0.633316", "roll": "-1.261549", "pitch": "0.158356"}, "userAcceleration": {"z": "-0.079700", "x": "0.139573", "y": "-0.468496"}, "timestamp": 0.34234400000059395}, {"timestamp": 0.3624820000004547, "attitude": {"yaw": "0.639898", "pitch": "0.053663", "roll": "-1.311247"}, "userAcceleration": {"y": "-0.535871", "z": "0.050327", "x": "0.080364"}}, {"timestamp": 0.38261899999997695, "attitude": {"pitch": "-0.046463", "yaw": "0.652652", "roll": "-1.356787"}, "userAcceleration": {"y": "-0.322889", "x": "0.034482", "z": "-0.185234"}}, {"timestamp": 0.40275695833224745, "attitude": {"pitch": "-0.142366", "yaw": "0.665471", "roll": "-1.399812"}, "userAcceleration": {"z": "-0.246379", "x": "-0.033509", "y": "-0.352701"}}, {"timestamp": 0.4228949583339272, "attitude": {"pitch": "-0.235290", "yaw": "0.675799", "roll": "-1.444737"}, "userAcceleration": {"x": "0.018197", "y": "-0.366640", "z": "-0.257545"}}, {"timestamp": 0.443032958333788, "userAcceleration": {"y": "-0.445138", "z": "-0.179297", "x": "0.058429"}, "attitude": {"pitch": "-0.325537", "roll": "-1.498139", "yaw": "0.677709"}}, {"attitude": {"roll": "-1.562999", "pitch": "-0.413084", "yaw": "0.682027"}, "timestamp": 0.46317095833364874, "userAcceleration": {"z": "-0.112610", "y": "-0.310494", "x": "0.009731"}}, {"attitude": {"roll": "-1.645889", "yaw": "0.684317", "pitch": "-0.498817"}, "userAcceleration": {"z": "-0.083841", "x": "-0.034772", "y": "-0.188959"}, "timestamp": 0.4833089583335095}, {"attitude": {"roll": "-1.756362", "pitch": "-0.580202", "yaw": "0.677615"}, "userAcceleration": {"z": "-0.031888", "y": "-0.189489", "x": "-0.016141"}, "timestamp": 0.5034469583333703}, {"timestamp": 0.5235839583328925, "attitude": {"roll": "-1.899406", "pitch": "-0.653104", "yaw": "0.660361"}, "userAcceleration": {"z": "-0.027413", "y": "-0.114216", "x": "0.131710"}}, {"userAcceleration": {"y": "-0.026180", "x": "0.241353", "z": "0.038530"}, "attitude": {"yaw": "0.642647", "pitch": "-0.718302", "roll": "-2.069349"}, "timestamp": 0.5437219583327533}, {"userAcceleration": {"y": "-0.018962", "z": "0.322692", "x": "0.270740"}, "timestamp": 0.563859958332614, "attitude": {"yaw": "0.627402", "pitch": "-0.776264", "roll": "-2.260024"}}, {"attitude": {"roll": "-2.461892", "yaw": "0.621522", "pitch": "-0.830615"}, "userAcceleration": {"z": "0.721784", "y": "0.127667", "x": "0.211482"}, "timestamp": 0.5839979583324748}, {"timestamp": 0.6041359583323356, "userAcceleration": {"z": "1.276471", "y": "0.058482", "x": "0.020014"}, "attitude": {"yaw": "0.641957", "roll": "-2.655565", "pitch": "-0.890780"}}, {"attitude": {"pitch": "-0.966210", "roll": "-2.820078", "yaw": "0.702855"}, "userAcceleration": {"x": "-0.209643", "z": "1.707654", "y": "-0.147582"}, "timestamp": 0.6242739583321963}, {"timestamp": 0.6444119583338761, "attitude": {"roll": "-2.933055", "yaw": "0.817247", "pitch": "-1.053110"}, "userAcceleration": {"z": "2.138485", "y": "-0.714685", "x": "-0.270350"}}, {"attitude": {"pitch": "-1.148203", "yaw": "1.030697", "roll": "-2.943328"}, "timestamp": 0.6645489583333983, "userAcceleration": {"z": "2.495277", "x": "-0.273894", "y": "-1.276546"}}, {"attitude": {"roll": "-2.740460", "yaw": "1.444850", "pitch": "-1.219957"}, "timestamp": 0.6846869583332591, "userAcceleration": {"z": "2.923434", "x": "0.116679", "y": "-1.497617"}}, {"timestamp": 0.7048249583331199, "attitude": {"roll": "-2.276777", "yaw": "2.094149", "pitch": "-1.186909"}, "userAcceleration": {"x": "0.904925", "z": "3.236354", "y": "-1.410172"}}, {"attitude": {"pitch": "-0.970276", "roll": "-1.888322", "yaw": "2.621678"}, "timestamp": 0.7249629583329806, "userAcceleration": {"x": "2.951894", "y": "-0.676909", "z": "3.942791"}}, {"timestamp": 0.7451009583328414, "attitude": {"yaw": "2.887017", "roll": "-1.664956", "pitch": "-0.594156"}, "userAcceleration": {"y": "-0.086863", "x": "5.682998", "z": "4.653172"}}, {"attitude": {"yaw": "2.951189", "pitch": "-0.153388", "roll": "-1.445518"}, "userAcceleration": {"y": "-0.168291", "x": "8.761992", "z": "5.543589"}, "timestamp": 0.7652389583327022}, {"userAcceleration": {"z": "4.692288", "x": "12.249516", "y": "-1.865538"}, "timestamp": 0.7853769583325629, "attitude": {"pitch": "0.218972", "roll": "-1.032036", "yaw": "2.813663"}}, {"attitude": {"pitch": "0.323472", "roll": "-0.355054", "yaw": "2.462687"}, "timestamp": 0.8055139583339042, "userAcceleration": {"z": "4.113533", "x": "16.063787", "y": "-6.001872"}}, {"userAcceleration": {"x": "14.970523", "z": "-1.840629", "y": "-9.201056"}, "timestamp": 0.8256519583337649, "attitude": {"roll": "0.313921", "pitch": "-0.096454", "yaw": "2.160330"}}, {"attitude": {"roll": "0.697613", "pitch": "-0.762835", "yaw": "2.353107"}, "timestamp": 0.8457899583336257, "userAcceleration": {"y": "-5.307093", "x": "4.428284", "z": "14.521757"}}, {"timestamp": 0.8659279583334865, "attitude": {"pitch": "-0.752101", "yaw": "2.841730", "roll": "1.130299"}, "userAcceleration": {"y": "4.730720", "x": "5.992348", "z": "4.718386"}}, {"timestamp": 0.8860659583333472, "userAcceleration": {"y": "-1.959274", "x": "7.201184", "z": "1.761979"}, "attitude": {"yaw": "3.075561", "roll": "1.329837", "pitch": "-0.460211"}}, {"attitude": {"yaw": "-3.048278", "pitch": "-0.274811", "roll": "1.448807"}, "timestamp": 0.906203958333208, "userAcceleration": {"y": "-4.008761", "z": "4.037790", "x": "6.684325"}}, {"timestamp": 0.9263419583330688, "attitude": {"roll": "1.511917", "pitch": "-0.072584", "yaw": "-3.005499"}, "userAcceleration": {"x": "7.323346", "y": "2.526677", "z": "1.410344"}}, {"timestamp": 0.946478958332591, "attitude": {"pitch": "0.129573", "roll": "1.575083", "yaw": "-3.028564"}, "userAcceleration": {"z": "0.487769", "x": "6.335968", "y": "2.115814"}}, {"attitude": {"yaw": "-3.026917", "roll": "1.639215", "pitch": "0.301027"}, "userAcceleration": {"z": "1.051087", "y": "0.403069", "x": "6.315665"}, "timestamp": 0.9666169583324518}, {"userAcceleration": {"y": "-0.836334", "x": "5.772708", "z": "2.157925"}, "attitude": {"pitch": "0.451681", "roll": "1.680102", "yaw": "-2.938978"}, "timestamp": 0.9867549583323125}, {"timestamp": 1.0068929583321733, "attitude": {"roll": "1.646514", "yaw": "-2.777397", "pitch": "0.599689"}, "userAcceleration": {"x": "5.584249", "y": "-0.249319", "z": "2.280236"}}, {"attitude": {"roll": "1.564901", "yaw": "-2.605478", "pitch": "0.750840"}, "timestamp": 1.027030958333853, "userAcceleration": {"x": "4.098502", "z": "1.708900", "y": "1.596224"}}, {"attitude": {"pitch": "0.889336", "roll": "1.474419", "yaw": "-2.443332"}, "timestamp": 1.0471689583337138, "userAcceleration": {"y": "2.164715", "z": "1.336587", "x": "2.575830"}}, {"attitude": {"pitch": "1.005101", "roll": "1.400433", "yaw": "-2.319226"}, "userAcceleration": {"x": "1.903291", "y": "2.412423", "z": "0.948189"}, "timestamp": 1.067305958333236}, {"timestamp": 1.0874439583330968, "userAcceleration": {"y": "1.980171", "z": "0.724551", "x": "1.497915"}, "attitude": {"pitch": "1.086958", "roll": "1.322969", "yaw": "-2.210937"}}, {"userAcceleration": {"z": "0.516589", "y": "1.631719", "x": "1.352388"}, "timestamp": 1.1075819583329576, "attitude": {"roll": "1.234222", "yaw": "-2.113301", "pitch": "1.135424"}}, {"attitude": {"yaw": "-2.070226", "roll": "1.178624", "pitch": "1.166785"}, "userAcceleration": {"z": "0.272560", "x": "0.986024", "y": "1.914121"}, "timestamp": 1.1277199583328184}, {"timestamp": 1.1478579583326791, "attitude": {"pitch": "1.187580", "yaw": "-2.098078", "roll": "1.178802"}, "userAcceleration": {"x": "0.639792", "y": "1.805809", "z": "0.306708"}}, {"attitude": {"roll": "1.238493", "yaw": "-2.195664", "pitch": "1.196092"}, "timestamp": 1.1679959583325399, "userAcceleration": {"z": "0.326290", "x": "0.504626", "y": "1.554121"}}, {"attitude": {"yaw": "-2.346239", "pitch": "1.186220", "roll": "1.340219"}, "userAcceleration": {"x": "0.523312", "z": "0.366212", "y": "1.244874"}, "timestamp": 1.1881339583324007}, {"userAcceleration": {"z": "0.385364", "x": "0.542448", "y": "1.010279"}, "timestamp": 1.2082709583337419, "attitude": {"pitch": "1.155668", "yaw": "-2.523850", "roll": "1.457649"}}, {"userAcceleration": {"x": "0.627032", "z": "0.478008", "y": "0.692343"}, "timestamp": 1.2284089583336026, "attitude": {"pitch": "1.102639", "yaw": "-2.690336", "roll": "1.550954"}}, {"attitude": {"roll": "1.613354", "pitch": "1.030871", "yaw": "-2.833851"}, "userAcceleration": {"x": "0.534505", "z": "0.506999", "y": "0.568212"}, "timestamp": 1.2485469583334634}, {"userAcceleration": {"y": "0.336579", "x": "0.628649", "z": "0.704474"}, "timestamp": 1.2686849583333242, "attitude": {"pitch": "0.944514", "roll": "1.639723", "yaw": "-2.949524"}}, {"attitude": {"pitch": "0.845273", "yaw": "-3.039749", "roll": "1.638078"}, "timestamp": 1.288822958333185, "userAcceleration": {"y": "0.125014", "z": "0.798347", "x": "0.593727"}}, {"timestamp": 1.3089609583330457, "attitude": {"yaw": "-3.112553", "pitch": "0.737804", "roll": "1.625485"}, "userAcceleration": {"y": "-0.122761", "z": "0.815434", "x": "0.648076"}}, {"userAcceleration": {"x": "0.634324", "y": "-0.372947", "z": "0.895754"}, "timestamp": 1.3290989583329065, "attitude": {"yaw": "3.109951", "roll": "1.597720", "pitch": "0.616102"}}]