[{"attitude": {"pitch": "-0.256756", "yaw": "-2.517654", "roll": "-1.477498"}, "userAcceleration": {"x": "-0.527848", "y": "-0.269065", "z": "-0.015116"}, "timestamp": 1.006870125000205}, {"userAcceleration": {"x": "-0.547260", "z": "-0.243272", "y": "-0.020158"}, "timestamp": 1.0270081250000658, "attitude": {"roll": "-1.540278", "pitch": "-0.236781", "yaw": "-2.567266"}}, {"attitude": {"roll": "-1.600308", "yaw": "-2.567576", "pitch": "-0.207313"}, "userAcceleration": {"y": "0.136057", "x": "-0.541461", "z": "-0.416891"}, "timestamp": 1.047145125001407}, {"attitude": {"roll": "-1.672363", "yaw": "-2.545362", "pitch": "-0.170706"}, "timestamp": 1.0672831250012678, "userAcceleration": {"y": "-0.191713", "z": "-0.491810", "x": "-0.490698"}}, {"timestamp": 1.08742012500079, "attitude": {"roll": "-1.765498", "pitch": "-0.133170", "yaw": "-2.501498"}, "userAcceleration": {"y": "-0.455165", "z": "-0.582080", "x": "-0.225396"}}, {"userAcceleration": {"z": "-0.485323", "y": "-0.671946", "x": "-0.207552"}, "timestamp": 1.1075581250006508, "attitude": {"roll": "-1.873997", "pitch": "-0.098758", "yaw": "-2.431657"}}, {"userAcceleration": {"x": "-0.173578", "z": "-0.477051", "y": "-0.684708"}, "attitude": {"yaw": "-2.333861", "roll": "-1.994051", "pitch": "-0.078817"}, "timestamp": 1.127695125000173}, {"userAcceleration": {"z": "-0.405220", "y": "-0.770499", "x": "-0.056859"}, "attitude": {"yaw": "-2.208281", "roll": "-2.122740", "pitch": "-0.086296"}, "timestamp": 1.1478321249996952}, {"userAcceleration": {"y": "-1.053888", "z": "-0.246329", "x": "0.014279"}, "timestamp": 1.167970125001375, "attitude": {"yaw": "-2.068544", "pitch": "-0.129829", "roll": "-2.249801"}}, {"attitude": {"yaw": "-1.924626", "roll": "-2.373194", "pitch": "-0.207645"}, "userAcceleration": {"z": "0.027042", "y": "-1.098780", "x": "0.234560"}, "timestamp": 1.1881071250008972}, {"userAcceleration": {"z": "0.331500", "y": "-1.117814", "x": "0.179560"}, "attitude": {"pitch": "-0.308971", "roll": "-2.488506", "yaw": "-1.781983"}, "timestamp": 1.208245125000758}, {"attitude": {"pitch": "-0.423966", "roll": "-2.592466", "yaw": "-1.640058"}, "userAcceleration": {"x": "0.036721", "y": "-1.262224", "z": "0.597691"}, "timestamp": 1.2283821250002802}, {"userAcceleration": {"x": "0.039448", "z": "0.912499", "y": "-1.440333"}, "attitude": {"yaw": "-1.489673", "roll": "-2.683793", "pitch": "-0.562449"}, "timestamp": 1.248520125000141}, {"timestamp": 1.2686571249996632, "attitude": {"yaw": "-1.323759", "roll": "-2.754328", "pitch": "-0.717795"}, "userAcceleration": {"y": "-1.665263", "x": "0.050220", "z": "1.398334"}}, {"attitude": {"roll": "-2.778598", "pitch": "-0.866507", "yaw": "-1.138170"}, "timestamp": 1.2887941250010044, "userAcceleration": {"x": "-0.038707", "z": "2.089768", "y": "-1.828341"}}, {"attitude": {"pitch": "-0.991180", "roll": "-2.696772", "yaw": "-0.894589"}, "userAcceleration": {"y": "-2.071277", "z": "2.727488", "x": "-0.031568"}, "timestamp": 1.3089321250008652}, {"timestamp": 1.3290691250003874, "userAcceleration": {"y": "-2.012357", "z": "3.572991", "x": "-0.014556"}, "attitude": {"yaw": "-0.494687", "roll": "-2.399329", "pitch": "-1.032372"}}, {"attitude": {"roll": "-1.976174", "pitch": "-0.915711", "yaw": "-0.048805"}, "userAcceleration": {"z": "3.901969", "x": "0.345633", "y": "-1.364346"}, "timestamp": 1.3492071250002482}, {"timestamp": 1.3693441249997704, "attitude": {"pitch": "-0.659553", "yaw": "0.288315", "roll": "-1.519708"}, "userAcceleration": {"y": "-0.898927", "x": "0.891881", "z": "3.910442"}}, {"timestamp": 1.3894821250014502, "attitude": {"yaw": "0.476295", "roll": "-1.087104", "pitch": "-0.296544"}, "userAcceleration": {"z": "4.935689", "x": "2.208871", "y": "-0.728985"}}, {"attitude": {"pitch": "0.027946", "roll": "-0.861850", "yaw": "0.500762"}, "userAcceleration": {"y": "-1.763211", "x": "12.450753", "z": "5.155755"}, "timestamp": 1.4096201666670822}, {"userAcceleration": {"z": "1.275611", "x": "6.071385", "y": "-6.353366"}, "attitude": {"pitch": "0.246961", "roll": "-0.549682", "yaw": "0.383140"}, "timestamp": 1.4297571666666045}, {"attitude": {"pitch": "0.352304", "yaw": "0.195336", "roll": "-0.215945"}, "timestamp": 1.4498951666664652, "userAcceleration": {"z": "-0.051496", "x": "5.667526", "y": "-4.651338"}}, {"userAcceleration": {"y": "-2.169437", "x": "6.307545", "z": "2.888857"}, "timestamp": 1.4700321666678065, "attitude": {"roll": "0.070074", "pitch": "0.230032", "yaw": "0.010452"}}, {"attitude": {"yaw": "0.033680", "roll": "0.293071", "pitch": "-0.273531"}, "userAcceleration": {"x": "3.154296", "y": "-3.523047", "z": "4.666948"}, "timestamp": 1.4901701666676672}, {"timestamp": 1.5103071666671894, "attitude": {"pitch": "-0.682364", "yaw": "0.294687", "roll": "0.512732"}, "userAcceleration": {"z": "6.230805", "y": "-3.305434", "x": "5.727911"}}, {"timestamp": 1.5304441666667117, "attitude": {"pitch": "-0.508461", "roll": "0.796438", "yaw": "0.546986"}, "userAcceleration": {"x": "5.463273", "y": "8.695356", "z": "-1.846737"}}, {"attitude": {"roll": "0.963851", "yaw": "0.621355", "pitch": "-0.319388"}, "timestamp": 1.5505821666665724, "userAcceleration": {"y": "-1.069479", "x": "5.226326", "z": "0.431852"}}, {"userAcceleration": {"z": "-0.842201", "x": "4.154067", "y": "0.707809"}, "attitude": {"yaw": "0.678431", "roll": "1.087712", "pitch": "-0.154962"}, "timestamp": 1.5707191666679137}, {"userAcceleration": {"x": "4.337902", "y": "0.945813", "z": "-1.501650"}, "timestamp": 1.5908571666677744, "attitude": {"roll": "1.160358", "pitch": "-0.028663", "yaw": "0.702110"}}, {"userAcceleration": {"x": "2.872322", "y": "1.880383", "z": "-1.977000"}, "attitude": {"roll": "1.229563", "pitch": "0.080069", "yaw": "0.690541"}, "timestamp": 1.6109941666672967}, {"userAcceleration": {"x": "2.555069", "y": "1.292175", "z": "-1.472568"}, "timestamp": 1.6311321666671574, "attitude": {"yaw": "0.644151", "pitch": "0.180901", "roll": "1.299983"}}, {"timestamp": 1.6512691666666797, "attitude": {"pitch": "0.271115", "yaw": "0.593407", "roll": "1.380487"}, "userAcceleration": {"z": "-1.060285", "x": "2.452893", "y": "0.797744"}}, {"timestamp": 1.6714061666680209, "attitude": {"pitch": "0.338932", "yaw": "0.577621", "roll": "1.455391"}, "userAcceleration": {"x": "2.253669", "y": "0.776969", "z": "-1.543486"}}, {"userAcceleration": {"x": "2.249305", "y": "1.022065", "z": "-2.403583"}, "attitude": {"yaw": "0.603071", "pitch": "0.380894", "roll": "1.495876"}, "timestamp": 1.6915441666678817}, {"timestamp": 1.7116811666674039, "attitude": {"pitch": "0.410548", "yaw": "0.641990", "roll": "1.496585"}, "userAcceleration": {"y": "1.653247", "z": "-2.337749", "x": "1.491673"}}, {"timestamp": 1.7318191666672647, "attitude": {"pitch": "0.449125", "roll": "1.479848", "yaw": "0.659994"}, "userAcceleration": {"z": "-1.807055", "x": "1.361120", "y": "1.789646"}}, {"timestamp": 1.7519561666667869, "userAcceleration": {"z": "-1.324066", "x": "0.965360", "y": "1.041747"}, "attitude": {"pitch": "0.473676", "yaw": "0.668868", "roll": "1.449270"}}, {"timestamp": 1.7720931666663091, "attitude": {"pitch": "0.470116", "yaw": "0.678106", "roll": "1.399656"}, "userAcceleration": {"y": "0.796908", "z": "-0.582804", "x": "0.528659"}}, {"timestamp": 1.7922311666679889, "userAcceleration": {"z": "-0.221044", "x": "0.386969", "y": "0.852015"}, "attitude": {"yaw": "0.667710", "pitch": "0.459303", "roll": "1.354615"}}, {"attitude": {"roll": "1.313208", "yaw": "0.637868", "pitch": "0.446017"}, "timestamp": 1.812368166667511, "userAcceleration": {"y": "0.555125", "x": "0.471205", "z": "0.160293"}}, {"timestamp": 1.8325061666673719, "attitude": {"pitch": "0.429911", "yaw": "0.597533", "roll": "1.265778"}, "userAcceleration": {"z": "0.476795", "x": "0.570227", "y": "0.241192"}}, {"attitude": {"pitch": "0.412351", "yaw": "0.555290", "roll": "1.214322"}, "timestamp": 1.852643166666894, "userAcceleration": {"z": "0.695179", "y": "0.069191", "x": "0.389784"}}, {"timestamp": 1.8727811666667549, "attitude": {"yaw": "0.512572", "roll": "1.163554", "pitch": "0.392510"}, "userAcceleration": {"z": "0.823859", "y": "-0.037856", "x": "0.210191"}}, {"timestamp": 1.892918166668096, "userAcceleration": {"y": "-0.062862", "x": "0.239422", "z": "0.893483"}, "attitude": {"pitch": "0.375430", "yaw": "0.467720", "roll": "1.113190"}}, {"userAcceleration": {"z": "0.872572", "x": "0.269361", "y": "-0.073857"}, "attitude": {"pitch": "0.363248", "yaw": "0.423378", "roll": "1.060266"}, "timestamp": 1.9130551666676183}, {"attitude": {"pitch": "0.352777", "roll": "1.003298", "yaw": "0.380194"}, "userAcceleration": {"z": "0.790203", "x": "0.260470", "y": "-0.184005"}, "timestamp": 1.933193166667479}, {"attitude": {"roll": "0.944267", "pitch": "0.341141", "yaw": "0.333408"}, "timestamp": 1.9533301666670013, "userAcceleration": {"z": "0.775464", "y": "-0.282075", "x": "0.283169"}}, {"attitude": {"pitch": "0.339024", "yaw": "0.279182", "roll": "0.884925"}, "userAcceleration": {"x": "0.347955", "y": "-0.193983", "z": "0.706810"}, "timestamp": 1.973468166666862}, {"userAcceleration": {"x": "0.437696", "z": "0.600233", "y": "-0.149388"}, "attitude": {"pitch": "0.353178", "roll": "0.823566", "yaw": "0.221808"}, "timestamp": 1.9936051666663843}]