[{"timestamp": 0.7853594999996858, "userAcceleration": {"y": "0.136081", "x": "-0.282701", "z": "-0.268830"}, "attitude": {"pitch": "-0.107212", "yaw": "-2.099839", "roll": "-1.334361"}}, {"userAcceleration": {"y": "-0.016552", "x": "-0.291665", "z": "-0.120542"}, "attitude": {"yaw": "-2.121412", "roll": "-1.371588", "pitch": "-0.105400"}, "timestamp": 0.805496499999208}, {"userAcceleration": {"x": "-0.333145", "z": "-0.200598", "y": "-0.105848"}, "timestamp": 0.8256344999990688, "attitude": {"pitch": "-0.094866", "yaw": "-2.157886", "roll": "-1.419803"}}, {"timestamp": 0.845771499998591, "attitude": {"pitch": "-0.074424", "yaw": "-2.182485", "roll": "-1.484489"}, "userAcceleration": {"y": "-0.207763", "x": "-0.190226", "z": "-0.451300"}}, {"attitude": {"pitch": "-0.042688", "yaw": "-2.174460", "roll": "-1.560349"}, "userAcceleration": {"x": "-0.265278", "y": "0.033115", "z": "-0.538543"}, "timestamp": 0.8659084999999322}, {"timestamp": 0.886046499999793, "userAcceleration": {"y": "-0.062709", "z": "-0.638838", "x": "-0.216794"}, "attitude": {"yaw": "-2.125350", "roll": "-1.646816", "pitch": "-0.011821"}}, {"userAcceleration": {"y": "-0.543480", "z": "-0.544439", "x": "0.056386"}, "timestamp": 0.9061834999993152, "attitude": {"roll": "-1.755734", "pitch": "0.011390", "yaw": "-2.052891"}}, {"timestamp": 0.926321499999176, "attitude": {"pitch": "0.022573", "yaw": "-1.960992", "roll": "-1.889198"}, "userAcceleration": {"x": "0.229631", "y": "-0.649518", "z": "-0.533336"}}, {"userAcceleration": {"z": "-0.403463", "y": "-0.730395", "x": "0.192184"}, "timestamp": 0.9464584999986982, "attitude": {"pitch": "0.011564", "yaw": "-1.848820", "roll": "-2.040659"}}, {"timestamp": 0.9665954999982205, "attitude": {"roll": "-2.199897", "yaw": "-1.724903", "pitch": "-0.029729"}, "userAcceleration": {"y": "-0.812668", "z": "-0.174797", "x": "0.082019"}}, {"userAcceleration": {"y": "-0.881429", "z": "0.053294", "x": "0.072356"}, "timestamp": 0.9867334999999002, "attitude": {"yaw": "-1.600720", "roll": "-2.362346", "pitch": "-0.097802"}}, {"timestamp": 1.0068704999994225, "userAcceleration": {"y": "-0.982767", "z": "0.466922", "x": "-0.049298"}, "attitude": {"roll": "-2.525686", "pitch": "-0.186126", "yaw": "-1.477802"}}, {"timestamp": 1.0270084999992832, "attitude": {"pitch": "-0.306883", "yaw": "-1.347158", "roll": "-2.683907"}, "userAcceleration": {"x": "-0.128347", "z": "0.853330", "y": "-1.078182"}}, {"timestamp": 1.0471454999988055, "attitude": {"pitch": "-0.465915", "yaw": "-1.212727", "roll": "-2.831338"}, "userAcceleration": {"x": "-0.187705", "y": "-1.254202", "z": "1.295957"}}, {"attitude": {"pitch": "-0.639533", "yaw": "-1.082008", "roll": "-2.960826"}, "timestamp": 1.0672824999983277, "userAcceleration": {"z": "1.818502", "x": "-0.298389", "y": "-1.546940"}}, {"timestamp": 1.0874205000000075, "attitude": {"yaw": "-0.935934", "pitch": "-0.796871", "roll": "-3.048384"}, "userAcceleration": {"z": "2.453531", "y": "-1.895242", "x": "-0.401102"}}, {"attitude": {"yaw": "-0.711101", "pitch": "-0.921720", "roll": "-3.024861"}, "timestamp": 1.1075574999995297, "userAcceleration": {"z": "3.231496", "x": "-0.590536", "y": "-1.941632"}}, {"timestamp": 1.1276954999993904, "attitude": {"roll": "-2.769672", "yaw": "-0.307638", "pitch": "-0.999667"}, "userAcceleration": {"x": "-0.632712", "y": "-1.615797", "z": "3.673440"}}, {"userAcceleration": {"x": "-0.370505", "y": "-1.086392", "z": "3.836114"}, "attitude": {"roll": "-2.247660", "pitch": "-0.953255", "yaw": "0.249860"}, "timestamp": 1.1478324999989127}, {"timestamp": 1.167969499998435, "attitude": {"roll": "-1.630924", "yaw": "0.740638", "pitch": "-0.734352"}, "userAcceleration": {"x": "0.634784", "y": "-1.216920", "z": "4.080503"}}, {"timestamp": 1.1881074999982957, "attitude": {"pitch": "-0.384881", "yaw": "0.958516", "roll": "-1.149141"}, "userAcceleration": {"z": "5.030835", "x": "2.619223", "y": "-1.088584"}}, {"timestamp": 1.208244499999637, "userAcceleration": {"z": "6.109893", "x": "13.010139", "y": "-3.485674"}, "attitude": {"roll": "-0.920323", "pitch": "-0.078819", "yaw": "0.995939"}}, {"attitude": {"pitch": "0.138993", "yaw": "0.893582", "roll": "-0.603621"}, "timestamp": 1.2283824999994977, "userAcceleration": {"z": "-0.165504", "x": "5.038029", "y": "-6.072147"}}, {"timestamp": 1.24851949999902, "attitude": {"yaw": "0.651369", "pitch": "0.190530", "roll": "-0.288174"}, "userAcceleration": {"y": "-3.184247", "x": "5.086982", "z": "0.689980"}}, {"userAcceleration": {"z": "4.700683", "x": "6.668088", "y": "-2.249324"}, "attitude": {"yaw": "0.413900", "roll": "-0.060121", "pitch": "-0.127338"}, "timestamp": 1.2686564999985421}, {"userAcceleration": {"y": "-5.748187", "z": "7.974034", "x": "3.522549"}, "attitude": {"roll": "0.053878", "pitch": "-0.775482", "yaw": "0.373008"}, "timestamp": 1.288794499998403}, {"attitude": {"yaw": "0.774784", "pitch": "-0.831360", "roll": "0.438373"}, "userAcceleration": {"x": "6.885579", "y": "5.306653", "z": "3.217803"}, "timestamp": 1.3089314999997441}, {"userAcceleration": {"z": "-1.037591", "x": "3.676510", "y": "1.529894"}, "timestamp": 1.3290694999996049, "attitude": {"yaw": "1.069974", "pitch": "-0.696800", "roll": "0.785044"}}, {"attitude": {"roll": "0.928855", "pitch": "-0.570485", "yaw": "1.208560"}, "userAcceleration": {"x": "6.159062", "z": "0.946529", "y": "-1.548188"}, "timestamp": 1.3492064999991271}, {"userAcceleration": {"z": "-1.352492", "x": "3.839353", "y": "3.297984"}, "timestamp": 1.3693434999986493, "attitude": {"roll": "1.036458", "pitch": "-0.393637", "yaw": "1.273776"}}, {"userAcceleration": {"y": "1.948934", "x": "3.078726", "z": "-1.958704"}, "attitude": {"roll": "1.094659", "pitch": "-0.236617", "yaw": "1.262309"}, "timestamp": 1.3894814999985101}, {"attitude": {"yaw": "1.225600", "roll": "1.138278", "pitch": "-0.108469"}, "timestamp": 1.4096184999998513, "userAcceleration": {"x": "2.706569", "z": "-1.744789", "y": "1.749135"}}, {"timestamp": 1.429756499999712, "userAcceleration": {"x": "1.718949", "y": "1.125856", "z": "-1.348812"}, "attitude": {"roll": "1.205871", "pitch": "-0.004195", "yaw": "1.204874"}}, {"userAcceleration": {"y": "0.059773", "z": "-0.872164", "x": "2.400924"}, "attitude": {"yaw": "1.200741", "pitch": "0.058158", "roll": "1.251629"}, "timestamp": 1.4498934999992343}, {"attitude": {"roll": "1.280961", "pitch": "0.106367", "yaw": "1.181979"}, "userAcceleration": {"x": "2.267935", "z": "-1.413178", "y": "0.986522"}, "timestamp": 1.4700304999987566}, {"attitude": {"yaw": "1.130403", "roll": "1.323185", "pitch": "0.170743"}, "userAcceleration": {"y": "1.898720", "x": "1.572124", "z": "-1.482810"}, "timestamp": 1.4901684999986173}, {"attitude": {"pitch": "0.221251", "yaw": "1.086073", "roll": "1.361032"}, "timestamp": 1.5103054999999586, "userAcceleration": {"x": "0.980347", "z": "-1.719881", "y": "1.272383"}}, {"timestamp": 1.5304434999998193, "userAcceleration": {"z": "-1.620033", "x": "0.840940", "y": "0.826442"}, "attitude": {"pitch": "0.246518", "roll": "1.376442", "yaw": "1.069727"}}, {"attitude": {"roll": "1.376475", "yaw": "1.071018", "pitch": "0.252037"}, "userAcceleration": {"y": "1.049197", "x": "0.898895", "z": "-1.350521"}, "timestamp": 1.5505804999993416}, {"attitude": {"yaw": "1.091622", "roll": "1.356417", "pitch": "0.236432"}, "userAcceleration": {"x": "0.720454", "y": "0.920133", "z": "-0.805277"}, "timestamp": 1.5707174999988638}, {"attitude": {"yaw": "1.125159", "pitch": "0.204986", "roll": "1.319512"}, "userAcceleration": {"x": "0.625522", "z": "-0.390362", "y": "0.651551"}, "timestamp": 1.5908554999987246}, {"attitude": {"yaw": "1.153716", "pitch": "0.174451", "roll": "1.276078"}, "timestamp": 1.6109924999982468, "userAcceleration": {"x": "0.751304", "z": "-0.120448", "y": "0.591750"}}, {"timestamp": 1.6311304999999265, "attitude": {"pitch": "0.154001", "yaw": "1.159416", "roll": "1.234493"}, "userAcceleration": {"z": "0.191848", "x": "0.756919", "y": "0.527920"}}, {"userAcceleration": {"y": "0.360298", "x": "0.528152", "z": "0.429918"}, "timestamp": 1.6512674999994488, "attitude": {"yaw": "1.141995", "roll": "1.198317", "pitch": "0.144368"}}, {"timestamp": 1.671404499998971, "attitude": {"roll": "1.165135", "pitch": "0.142944", "yaw": "1.113671"}, "userAcceleration": {"y": "0.222749", "x": "0.415588", "z": "0.636894"}}, {"timestamp": 1.6915424999988318, "userAcceleration": {"x": "0.372103", "y": "0.080448", "z": "0.736425"}, "attitude": {"roll": "1.130570", "pitch": "0.148514", "yaw": "1.077013"}}, {"timestamp": 1.711679499998354, "attitude": {"roll": "1.088997", "pitch": "0.158271", "yaw": "1.038455"}, "userAcceleration": {"x": "0.354756", "z": "0.795443", "y": "0.058719"}}, {"timestamp": 1.7318174999982148, "attitude": {"yaw": "0.992019", "roll": "1.042941", "pitch": "0.166215"}, "userAcceleration": {"z": "0.710470", "x": "0.324149", "y": "-0.111374"}}, {"userAcceleration": {"y": "-0.076030", "z": "0.674950", "x": "0.409614"}, "timestamp": 1.7519545416653273, "attitude": {"pitch": "0.178378", "yaw": "0.935411", "roll": "0.991332"}}, {"attitude": {"roll": "0.938088", "yaw": "0.871310", "pitch": "0.204082"}, "timestamp": 1.7720915416666685, "userAcceleration": {"x": "0.395960", "y": "0.001390", "z": "0.664402"}}]