[{"timestamp": 0, "attitude": {"pitch": "0.256093", "yaw": "0.122223", "roll": "-0.887291"}, "userAcceleration": {"y": "-0.076958", "x": "-0.592529", "z": "-0.247418"}}, {"timestamp": 0.020137999999860767, "attitude": {"pitch": "0.255209", "yaw": "0.070709", "roll": "-0.907688"}, "userAcceleration": {"x": "-1.027955", "y": "-0.158807", "z": "-0.275890"}}, {"attitude": {"roll": "-0.920920", "pitch": "0.249637", "yaw": "0.026742"}, "timestamp": 0.04027500000120199, "userAcceleration": {"y": "-0.204715", "z": "-0.226427", "x": "-1.476156"}}, {"timestamp": 0.06041200000072422, "userAcceleration": {"z": "-0.398660", "x": "-1.824999", "y": "-0.362373"}, "attitude": {"pitch": "0.239347", "roll": "-0.926790", "yaw": "-0.007178"}}, {"timestamp": 0.08055000000058499, "userAcceleration": {"x": "-1.921480", "z": "-0.535916", "y": "-0.637308"}, "attitude": {"pitch": "0.217116", "yaw": "-0.034294", "roll": "-0.937864"}}, {"attitude": {"pitch": "0.184008", "yaw": "-0.047605", "roll": "-0.960156"}, "userAcceleration": {"y": "-0.811123", "z": "-0.516809", "x": "-2.021332"}, "timestamp": 0.10068700000010722}, {"timestamp": 0.12082400000144844, "userAcceleration": {"z": "-0.541351", "x": "-1.945645", "y": "-0.916360"}, "attitude": {"yaw": "-0.045419", "roll": "-0.996000", "pitch": "0.139374"}}, {"timestamp": 0.14096100000097067, "attitude": {"pitch": "0.083445", "yaw": "-0.027868", "roll": "-1.057062"}, "userAcceleration": {"x": "-1.526112", "y": "-0.785167", "z": "-0.309762"}}, {"timestamp": 0.16109900000083144, "userAcceleration": {"y": "-0.924139", "x": "-1.486741", "z": "0.001064"}, "attitude": {"roll": "-1.131086", "pitch": "0.023175", "yaw": "0.012186"}}, {"timestamp": 0.18123600000035367, "attitude": {"pitch": "-0.048976", "yaw": "0.062614", "roll": "-1.220176"}, "userAcceleration": {"x": "-1.105057", "y": "-1.135459", "z": "0.178792"}}, {"userAcceleration": {"z": "0.238067", "y": "-1.070878", "x": "-0.785017"}, "timestamp": 0.2013729999998759, "attitude": {"pitch": "-0.128882", "yaw": "0.124680", "roll": "-1.327547"}}, {"userAcceleration": {"y": "-0.963058", "x": "-0.687683", "z": "0.445066"}, "timestamp": 0.22151099999973667, "attitude": {"yaw": "0.190576", "roll": "-1.452127", "pitch": "-0.214048"}}, {"attitude": {"yaw": "0.257687", "pitch": "-0.303778", "roll": "-1.594189"}, "userAcceleration": {"x": "-0.652402", "z": "0.441685", "y": "-1.162928"}, "timestamp": 0.2416480000010779}, {"timestamp": 0.2617850000006001, "attitude": {"roll": "-1.747154", "pitch": "-0.402489", "yaw": "0.335055"}, "userAcceleration": {"y": "-1.317872", "x": "-0.448202", "z": "0.617902"}}, {"attitude": {"pitch": "-0.513409", "yaw": "0.423648", "roll": "-1.910898"}, "userAcceleration": {"y": "-1.325103", "x": "-0.186296", "z": "0.970991"}, "timestamp": 0.2819230000004609}, {"attitude": {"yaw": "0.528828", "pitch": "-0.631635", "roll": "-2.071091"}, "timestamp": 0.3020599999999831, "userAcceleration": {"x": "-0.336283", "y": "-1.740382", "z": "1.917155"}}, {"timestamp": 0.32219700000132434, "attitude": {"yaw": "0.675369", "roll": "-2.184362", "pitch": "-0.751945"}, "userAcceleration": {"x": "-0.736642", "z": "2.703186", "y": "-2.290696"}}, {"attitude": {"pitch": "-0.854031", "yaw": "0.893857", "roll": "-2.209395"}, "timestamp": 0.34233400000084657, "userAcceleration": {"x": "-0.574611", "y": "-2.822248", "z": "2.871870"}}, {"attitude": {"roll": "-2.094015", "pitch": "-0.872615", "yaw": "1.223962"}, "userAcceleration": {"z": "3.605618", "x": "0.112505", "y": "-2.392416"}, "timestamp": 0.36247200000070734}, {"attitude": {"roll": "-1.786271", "pitch": "-0.726029", "yaw": "1.660945"}, "userAcceleration": {"y": "-1.754558", "z": "4.239934", "x": "1.945825"}, "timestamp": 0.38260900000022957}, {"attitude": {"pitch": "-0.409414", "roll": "-1.422300", "yaw": "2.112176"}, "timestamp": 0.4027459999997518, "userAcceleration": {"z": "6.532315", "x": "7.117662", "y": "-1.076890"}}, {"userAcceleration": {"x": "10.623393", "y": "-2.787189", "z": "10.355324"}, "attitude": {"yaw": "2.343537", "roll": "-1.142461", "pitch": "0.004879"}, "timestamp": 0.42288400000143156}, {"timestamp": 0.4430210000009538, "attitude": {"roll": "-0.735602", "pitch": "0.440277", "yaw": "2.309720"}, "userAcceleration": {"x": "12.479720", "z": "5.033666", "y": "-6.060138"}}, {"timestamp": 0.463158000000476, "attitude": {"pitch": "0.666526", "yaw": "1.979668", "roll": "-0.032206"}, "userAcceleration": {"x": "12.789347", "y": "-3.466534", "z": "6.122969"}}, {"timestamp": 0.4832960000003368, "attitude": {"yaw": "1.634658", "roll": "0.528039", "pitch": "0.369886"}, "userAcceleration": {"y": "-1.781694", "x": "13.358085", "z": "14.134280"}}, {"attitude": {"pitch": "-0.255396", "yaw": "1.896198", "roll": "0.916339"}, "timestamp": 0.503432999999859, "userAcceleration": {"y": "-15.086475", "x": "3.283916", "z": "7.878519"}}, {"timestamp": 0.5235700000012002, "attitude": {"roll": "1.241178", "pitch": "-0.278955", "yaw": "2.239699"}, "userAcceleration": {"y": "5.318674", "z": "11.078534", "x": "9.344453"}}, {"timestamp": 0.5437070000007225, "attitude": {"pitch": "-0.018621", "roll": "1.411455", "yaw": "2.338276"}, "userAcceleration": {"z": "-0.374532", "y": "2.986888", "x": "8.749625"}}, {"timestamp": 0.5638450000005832, "userAcceleration": {"x": "7.314311", "y": "-0.971934", "z": "1.662100"}, "attitude": {"pitch": "0.136121", "yaw": "2.440015", "roll": "1.521641"}}, {"attitude": {"yaw": "2.505754", "roll": "1.572616", "pitch": "0.287309"}, "timestamp": 0.5839820000001055, "userAcceleration": {"z": "-1.378927", "x": "7.490149", "y": "2.257143"}}, {"userAcceleration": {"x": "6.552721", "z": "-1.729721", "y": "2.647868"}, "attitude": {"yaw": "2.472648", "roll": "1.618159", "pitch": "0.458759"}, "timestamp": 0.6041190000014467}, {"timestamp": 0.6242570000013075, "userAcceleration": {"z": "-0.395598", "x": "4.763628", "y": "0.840201"}, "attitude": {"yaw": "2.453470", "roll": "1.647624", "pitch": "0.591704"}}, {"timestamp": 0.6443940000008297, "attitude": {"pitch": "0.688794", "yaw": "2.435846", "roll": "1.673779"}, "userAcceleration": {"x": "4.761908", "z": "-0.511904", "y": "1.860247"}}, {"timestamp": 0.6645310000003519, "userAcceleration": {"x": "4.060458", "y": "0.544819", "z": "-0.732866"}, "attitude": {"yaw": "2.423350", "pitch": "0.756450", "roll": "1.705228"}}, {"attitude": {"pitch": "0.807036", "yaw": "2.421695", "roll": "1.703036"}, "userAcceleration": {"x": "4.033726", "z": "-1.126185", "y": "0.581875"}, "timestamp": 0.6846690000002127}, {"attitude": {"yaw": "2.380092", "roll": "1.699034", "pitch": "0.855124"}, "timestamp": 0.7048059999997349, "userAcceleration": {"x": "2.992284", "y": "1.469573", "z": "-1.426011"}}, {"attitude": {"yaw": "2.311855", "roll": "1.705589", "pitch": "0.897545"}, "timestamp": 0.7249430000010761, "userAcceleration": {"z": "-0.946678", "y": "1.135787", "x": "1.791655"}}, {"userAcceleration": {"z": "-0.397359", "y": "0.692303", "x": "1.282963"}, "attitude": {"pitch": "0.924122", "roll": "1.700167", "yaw": "2.260182"}, "timestamp": 0.7450800000005984}, {"userAcceleration": {"z": "-0.016592", "x": "1.319746", "y": "0.571012"}, "timestamp": 0.7652180000004591, "attitude": {"pitch": "0.938339", "yaw": "2.224593", "roll": "1.670428"}}, {"timestamp": 0.7853544166664506, "attitude": {"roll": "1.637848", "pitch": "0.951452", "yaw": "2.176489"}, "userAcceleration": {"z": "0.036179", "x": "1.312587", "y": "0.487751"}}, {"attitude": {"roll": "1.600267", "yaw": "2.116841", "pitch": "0.970269"}, "userAcceleration": {"z": "0.268261", "y": "0.097148", "x": "1.345812"}, "timestamp": 0.8054914166677918}, {"attitude": {"yaw": "2.070684", "roll": "1.540707", "pitch": "0.995352"}, "userAcceleration": {"y": "-0.251808", "x": "1.126205", "z": "0.445602"}, "timestamp": 0.8256294166676525}, {"timestamp": 0.8457664166671748, "attitude": {"yaw": "2.074174", "roll": "1.428279", "pitch": "1.017840"}, "userAcceleration": {"y": "-0.462852", "z": "0.574049", "x": "0.977007"}}, {"attitude": {"pitch": "1.027334", "roll": "1.280577", "yaw": "2.104114"}, "timestamp": 0.865903416666697, "userAcceleration": {"x": "0.791433", "y": "-0.096148", "z": "0.682384"}}, {"userAcceleration": {"z": "0.751824", "y": "0.443538", "x": "0.576750"}, "timestamp": 0.8860414166665578, "attitude": {"pitch": "1.039735", "yaw": "2.146261", "roll": "1.117188"}}, {"attitude": {"roll": "0.917799", "pitch": "1.035722", "yaw": "2.232735"}, "userAcceleration": {"x": "0.259337", "z": "1.146946", "y": "-0.054259"}, "timestamp": 0.906178416667899}, {"userAcceleration": {"y": "-0.595830", "z": "1.364813", "x": "-0.038171"}, "timestamp": 0.9263154166674212, "attitude": {"pitch": "0.971269", "roll": "0.699016", "yaw": "2.339577"}}, {"timestamp": 0.946453416667282, "attitude": {"yaw": "2.405745", "roll": "0.513855", "pitch": "0.833442"}, "userAcceleration": {"y": "-0.404343", "z": "1.150904", "x": "-0.264376"}}, {"userAcceleration": {"y": "0.288028", "z": "0.838510", "x": "-0.372804"}, "timestamp": 0.9665904166668042, "attitude": {"roll": "0.376725", "pitch": "0.682212", "yaw": "2.411161"}}, {"userAcceleration": {"y": "0.521134", "x": "-0.475643", "z": "0.450847"}, "timestamp": 0.9867274166663265, "attitude": {"roll": "0.274438", "pitch": "0.569687", "yaw": "2.384066"}}]