[{"attitude": {"pitch": "-0.516632", "roll": "-1.386770", "yaw": "-0.195064"}, "timestamp": 0.6041089999998803, "userAcceleration": {"z": "0.311237", "y": "0.114962", "x": "-0.225806"}}, {"userAcceleration": {"z": "0.171333", "x": "-0.416902", "y": "-0.709659"}, "timestamp": 0.6242459999994026, "attitude": {"pitch": "-0.575990", "yaw": "-0.202006", "roll": "-1.464697"}}, {"timestamp": 0.6443830000007438, "attitude": {"yaw": "-0.212198", "pitch": "-0.635758", "roll": "-1.557231"}, "userAcceleration": {"z": "-0.201991", "y": "-0.529533", "x": "-0.472415"}}, {"timestamp": 0.6645197916659527, "attitude": {"roll": "-1.661246", "yaw": "-0.218502", "pitch": "-0.692850"}, "userAcceleration": {"x": "-0.310300", "y": "-0.726165", "z": "-0.593960"}}, {"attitude": {"yaw": "-0.203897", "roll": "-1.759056", "pitch": "-0.745245"}, "userAcceleration": {"y": "-0.853414", "z": "-0.716276", "x": "-0.189974"}, "timestamp": 0.6846567916672939}, {"timestamp": 0.7047937916668161, "userAcceleration": {"y": "-0.438922", "x": "-0.228911", "z": "-0.482820"}, "attitude": {"pitch": "-0.794160", "yaw": "-0.187598", "roll": "-1.868540"}}, {"userAcceleration": {"y": "-0.358937", "x": "0.064496", "z": "-0.200878"}, "timestamp": 0.7249307916663383, "attitude": {"pitch": "-0.836517", "roll": "-1.995864", "yaw": "-0.177294"}}, {"timestamp": 0.7450677916658606, "userAcceleration": {"x": "0.344515", "y": "-0.165192", "z": "0.123641"}, "attitude": {"pitch": "-0.869290", "yaw": "-0.168006", "roll": "-2.138338"}}, {"userAcceleration": {"z": "0.380839", "y": "-0.010153", "x": "0.441785"}, "timestamp": 0.7652047916672018, "attitude": {"pitch": "-0.892506", "yaw": "-0.148065", "roll": "-2.285487"}}, {"timestamp": 0.785341791666724, "userAcceleration": {"z": "0.586080", "x": "0.448353", "y": "0.195951"}, "attitude": {"pitch": "-0.914618", "yaw": "-0.099119", "roll": "-2.420160"}}, {"timestamp": 0.8054787916662463, "userAcceleration": {"y": "0.284231", "z": "0.859511", "x": "0.629493"}, "attitude": {"yaw": "-0.015919", "roll": "-2.533243", "pitch": "-0.939832"}}, {"userAcceleration": {"x": "0.885308", "y": "0.418667", "z": "1.290388"}, "attitude": {"pitch": "-0.960205", "yaw": "0.093197", "roll": "-2.628688"}, "timestamp": 0.8256157916657685}, {"userAcceleration": {"y": "0.359464", "x": "1.103148", "z": "1.580797"}, "timestamp": 0.8457527916671097, "attitude": {"pitch": "-0.975732", "roll": "-2.699300", "yaw": "0.232885"}}, {"timestamp": 0.8658897916666319, "attitude": {"pitch": "-0.992888", "yaw": "0.417268", "roll": "-2.725970"}, "userAcceleration": {"z": "1.886098", "y": "0.246835", "x": "1.302732"}}, {"userAcceleration": {"x": "1.495222", "y": "0.029866", "z": "2.183293"}, "timestamp": 0.8860267916661542, "attitude": {"pitch": "-1.009620", "yaw": "0.663661", "roll": "-2.680624"}}, {"attitude": {"roll": "-2.550061", "pitch": "-0.991475", "yaw": "0.964256"}, "userAcceleration": {"y": "-0.267681", "x": "1.740094", "z": "2.510773"}, "timestamp": 0.9061637916656764}, {"timestamp": 0.9263007916670176, "attitude": {"yaw": "1.261448", "roll": "-2.372292", "pitch": "-0.907921"}, "userAcceleration": {"y": "-0.278903", "x": "2.009549", "z": "2.588288"}}, {"attitude": {"yaw": "1.488808", "roll": "-2.202516", "pitch": "-0.746371"}, "userAcceleration": {"y": "-0.009485", "z": "2.421558", "x": "2.283088"}, "timestamp": 0.9464377916665399}, {"attitude": {"roll": "-2.048681", "yaw": "1.628734", "pitch": "-0.505326"}, "timestamp": 0.9665747916660621, "userAcceleration": {"x": "3.045818", "y": "0.123451", "z": "2.372084"}}, {"attitude": {"yaw": "1.702138", "pitch": "-0.193828", "roll": "-1.874134"}, "timestamp": 0.9867117916674033, "userAcceleration": {"y": "0.704508", "z": "2.655709", "x": "4.231365"}}, {"userAcceleration": {"x": "5.830760", "y": "0.329889", "z": "2.272386"}, "timestamp": 1.0068487916669255, "attitude": {"pitch": "0.165172", "yaw": "1.699411", "roll": "-1.627629"}}, {"timestamp": 1.0269857916664478, "attitude": {"pitch": "0.439808", "yaw": "1.484744", "roll": "-1.205048"}, "userAcceleration": {"x": "8.755751", "y": "-0.002930", "z": "0.947437"}}, {"timestamp": 1.04712279166597, "attitude": {"pitch": "0.422119", "roll": "-0.617843", "yaw": "1.096728"}, "userAcceleration": {"x": "10.862385", "y": "-2.356419", "z": "-2.501018"}}, {"attitude": {"pitch": "0.212950", "yaw": "0.861371", "roll": "-0.211662"}, "userAcceleration": {"z": "-6.764128", "x": "7.389757", "y": "-3.895162"}, "timestamp": 1.0672597916673112}, {"userAcceleration": {"y": "-4.046189", "x": "4.397562", "z": "-0.902201"}, "timestamp": 1.0873967916668335, "attitude": {"yaw": "0.840194", "roll": "-0.009753", "pitch": "-0.206591"}}, {"timestamp": 1.1075337916663557, "userAcceleration": {"z": "5.658455", "x": "2.360586", "y": "-5.722396"}, "attitude": {"yaw": "1.088559", "roll": "0.198640", "pitch": "-0.475889"}}, {"timestamp": 1.127670791665878, "userAcceleration": {"y": "1.355680", "z": "3.971188", "x": "3.219634"}, "attitude": {"yaw": "1.513740", "pitch": "-0.535429", "roll": "0.528090"}}, {"timestamp": 1.1478077916672191, "attitude": {"yaw": "1.913805", "roll": "0.829717", "pitch": "-0.402449"}, "userAcceleration": {"y": "-3.071864", "z": "4.568445", "x": "5.374379"}}, {"userAcceleration": {"y": "-2.087176", "x": "7.294925", "z": "2.950200"}, "attitude": {"pitch": "-0.202993", "yaw": "2.175549", "roll": "1.012593"}, "timestamp": 1.1679447916667414}, {"timestamp": 1.188080791665925, "attitude": {"yaw": "2.297846", "roll": "1.088737", "pitch": "0.030330"}, "userAcceleration": {"x": "7.120301", "y": "1.173376", "z": "0.581266"}}, {"timestamp": 1.2082177916672663, "userAcceleration": {"y": "1.277406", "z": "-1.142304", "x": "5.431283"}, "attitude": {"roll": "1.137572", "pitch": "0.262860", "yaw": "2.341360"}}, {"timestamp": 1.2283547916667885, "attitude": {"yaw": "2.377730", "roll": "1.157736", "pitch": "0.466770"}, "userAcceleration": {"y": "0.137473", "z": "-1.565797", "x": "4.634106"}}, {"timestamp": 1.2484917916663107, "attitude": {"pitch": "0.636118", "yaw": "2.428324", "roll": "1.134996"}, "userAcceleration": {"x": "4.404079", "z": "-1.834701", "y": "-0.175942"}}, {"userAcceleration": {"z": "-1.579947", "x": "3.633974", "y": "0.199689"}, "timestamp": 1.268628791665833, "attitude": {"yaw": "2.472354", "roll": "1.096823", "pitch": "0.781304"}}, {"timestamp": 1.2887657916671742, "userAcceleration": {"y": "-0.024512", "x": "3.005626", "z": "-1.219372"}, "attitude": {"roll": "1.073083", "yaw": "2.496723", "pitch": "0.918139"}}, {"userAcceleration": {"x": "2.435250", "y": "-0.041709", "z": "-0.945168"}, "attitude": {"roll": "1.075764", "yaw": "2.504533", "pitch": "1.048655"}, "timestamp": 1.3089027916666964}, {"timestamp": 1.3290397916662187, "attitude": {"roll": "1.078618", "pitch": "1.163620", "yaw": "2.519956"}, "userAcceleration": {"y": "-0.464295", "z": "-0.779737", "x": "2.181108"}}, {"timestamp": 1.349176791665741, "attitude": {"pitch": "1.265321", "yaw": "2.541730", "roll": "1.074353"}, "userAcceleration": {"z": "-0.738651", "x": "1.949014", "y": "-0.229371"}}, {"timestamp": 1.3693137916670821, "attitude": {"roll": "1.067051", "yaw": "2.565758", "pitch": "1.359849"}, "userAcceleration": {"z": "-0.712663", "x": "1.710346", "y": "0.180668"}}, {"userAcceleration": {"y": "0.430435", "x": "1.485699", "z": "-0.606394"}, "timestamp": 1.3894507916666043, "attitude": {"yaw": "2.573454", "roll": "1.079335", "pitch": "1.447930"}}, {"userAcceleration": {"x": "1.414420", "y": "0.570731", "z": "-0.375258"}, "timestamp": 1.4095877916661266, "attitude": {"roll": "1.056676", "pitch": "1.523085", "yaw": "2.620262"}}, {"timestamp": 1.4297247916656488, "attitude": {"yaw": "-1.305072", "pitch": "1.557861", "roll": "-1.280166"}, "userAcceleration": {"x": "1.398565", "y": "0.490868", "z": "-0.356018"}}, {"userAcceleration": {"x": "1.280974", "y": "0.601024", "z": "-0.496557"}, "attitude": {"roll": "-1.790080", "pitch": "1.517714", "yaw": "-0.782896"}, "timestamp": 1.44986179166699}, {"attitude": {"pitch": "1.485002", "roll": "-1.961659", "yaw": "-0.610245"}, "timestamp": 1.4699987916665123, "userAcceleration": {"x": "1.132540", "y": "0.788223", "z": "-0.683327"}}, {"attitude": {"pitch": "1.458475", "yaw": "-0.462555", "roll": "-2.116213"}, "userAcceleration": {"z": "-0.820827", "x": "0.957549", "y": "0.734925"}, "timestamp": 1.4901357916660345}, {"userAcceleration": {"y": "0.692026", "x": "0.920775", "z": "-0.833493"}, "timestamp": 1.5102727916673757, "attitude": {"yaw": "-0.346028", "pitch": "1.439694", "roll": "-2.248352"}}, {"timestamp": 1.530409791666898, "attitude": {"roll": "-2.358937", "yaw": "-0.264910", "pitch": "1.431575"}, "userAcceleration": {"z": "-0.527961", "x": "0.892794", "y": "0.616347"}}, {"timestamp": 1.5505467916664202, "attitude": {"yaw": "-0.161612", "pitch": "1.425743", "roll": "-2.512391"}, "userAcceleration": {"x": "0.961712", "z": "-0.368007", "y": "0.762493"}}, {"attitude": {"roll": "-2.708984", "pitch": "1.423320", "yaw": "-0.028039"}, "timestamp": 1.5706837916659424, "userAcceleration": {"y": "0.647425", "x": "0.820378", "z": "-0.308713"}}, {"userAcceleration": {"x": "0.641039", "y": "0.379536", "z": "-0.244962"}, "attitude": {"yaw": "0.152943", "pitch": "1.432497", "roll": "-2.953755"}, "timestamp": 1.5908207916672836}]