[{"timestamp": 0, "attitude": {"yaw": "0.287319", "roll": "-1.037940", "pitch": "0.496073"}, "userAcceleration": {"y": "-0.726752", "z": "0.069640", "x": "-0.458764"}}, {"timestamp": 0.02013699999952223, "attitude": {"pitch": "0.466257", "yaw": "0.258160", "roll": "-1.097284"}, "userAcceleration": {"y": "-1.292931", "x": "-1.223673", "z": "-0.007792"}}, {"timestamp": 0.04027399999904446, "userAcceleration": {"z": "0.126301", "x": "-2.488698", "y": "-1.727639"}, "attitude": {"pitch": "0.419891", "yaw": "0.252895", "roll": "-1.112008"}}, {"timestamp": 0.06041199999890523, "attitude": {"pitch": "0.373418", "yaw": "0.259180", "roll": "-1.165644"}, "userAcceleration": {"y": "-1.249672", "x": "-0.835210", "z": "-0.043374"}}, {"attitude": {"pitch": "0.310494", "yaw": "0.276676", "roll": "-1.206497"}, "userAcceleration": {"z": "0.198816", "x": "-1.589096", "y": "-1.452161"}, "timestamp": 0.08054900000024645}, {"attitude": {"yaw": "0.292508", "roll": "-1.247720", "pitch": "0.229573"}, "userAcceleration": {"z": "0.344541", "x": "-1.253221", "y": "-1.506005"}, "timestamp": 0.10068549999959941}, {"attitude": {"yaw": "0.319344", "roll": "-1.300411", "pitch": "0.134827"}, "timestamp": 0.12082249999912165, "userAcceleration": {"y": "-1.611752", "z": "0.324935", "x": "-0.845966"}}, {"timestamp": 0.14095950000046287, "attitude": {"pitch": "0.033760", "roll": "-1.357956", "yaw": "0.360405"}, "userAcceleration": {"x": "-0.622747", "z": "0.480617", "y": "-1.504088"}}, {"attitude": {"roll": "-1.422086", "pitch": "-0.075854", "yaw": "0.429493"}, "userAcceleration": {"x": "-0.333781", "z": "0.546006", "y": "-1.472678"}, "timestamp": 0.1610964999999851}, {"attitude": {"roll": "-1.484236", "pitch": "-0.195002", "yaw": "0.517071"}, "userAcceleration": {"z": "0.744024", "x": "-0.099057", "y": "-1.259991"}, "timestamp": 0.18123349999950733}, {"userAcceleration": {"z": "0.702883", "y": "-0.936235", "x": "0.149863"}, "timestamp": 0.20137049999902956, "attitude": {"yaw": "0.583961", "roll": "-1.557655", "pitch": "-0.328446"}}, {"timestamp": 0.22150849999889033, "attitude": {"pitch": "-0.470749", "yaw": "0.619965", "roll": "-1.666378"}, "userAcceleration": {"y": "-0.805620", "x": "0.289611", "z": "0.830167"}}, {"attitude": {"roll": "-1.785237", "pitch": "-0.612659", "yaw": "0.675379"}, "timestamp": 0.24164550000023155, "userAcceleration": {"x": "0.138754", "y": "-0.731188", "z": "1.130071"}}, {"attitude": {"yaw": "0.776527", "roll": "-1.885897", "pitch": "-0.768367"}, "userAcceleration": {"y": "-0.782181", "x": "0.014348", "z": "1.346830"}, "timestamp": 0.2617824999997538}, {"timestamp": 0.281919499999276, "attitude": {"roll": "-1.955207", "yaw": "0.905339", "pitch": "-0.926075"}, "userAcceleration": {"x": "-0.081877", "z": "1.822676", "y": "-0.209042"}}, {"attitude": {"pitch": "-1.023231", "yaw": "1.119307", "roll": "-1.944372"}, "userAcceleration": {"y": "0.452251", "x": "-0.708092", "z": "2.577644"}, "timestamp": 0.30205650000061723}, {"attitude": {"roll": "-1.807866", "pitch": "-1.059595", "yaw": "1.445152"}, "userAcceleration": {"x": "-0.884245", "y": "-0.779827", "z": "3.261339"}, "timestamp": 0.32219350000013947}, {"timestamp": 0.3423304999996617, "attitude": {"pitch": "-1.015609", "yaw": "1.804347", "roll": "-1.641698"}, "userAcceleration": {"x": "-0.176996", "z": "3.089490", "y": "-1.389795"}}, {"timestamp": 0.36246749999918393, "userAcceleration": {"y": "-1.273031", "z": "3.098089", "x": "0.980346"}, "attitude": {"pitch": "-0.888066", "yaw": "2.115070", "roll": "-1.519420"}}, {"userAcceleration": {"x": "5.691291", "z": "3.265424", "y": "-0.248379"}, "attitude": {"yaw": "2.367049", "pitch": "-0.594858", "roll": "-1.473388"}, "timestamp": 0.38260450000052515}, {"userAcceleration": {"z": "7.084455", "x": "7.648097", "y": "-0.625370"}, "timestamp": 0.4027425000003859, "attitude": {"roll": "-1.379393", "pitch": "-0.170832", "yaw": "2.522672"}}, {"attitude": {"pitch": "0.312046", "roll": "-1.116959", "yaw": "2.540299"}, "userAcceleration": {"x": "10.101583", "y": "-1.924164", "z": "7.867364"}, "timestamp": 0.42287949999990815}, {"attitude": {"pitch": "0.813187", "yaw": "2.215597", "roll": "-0.537873"}, "timestamp": 0.4430164999994304, "userAcceleration": {"x": "12.860552", "z": "7.019753", "y": "-1.995016"}}, {"attitude": {"yaw": "1.399842", "roll": "0.583317", "pitch": "0.791359"}, "timestamp": 0.4631534999989526, "userAcceleration": {"x": "13.173771", "y": "1.614858", "z": "4.400998"}}, {"userAcceleration": {"y": "6.008677", "z": "11.800168", "x": "14.469821"}, "timestamp": 0.48329050000029383, "attitude": {"yaw": "1.446257", "roll": "0.922690", "pitch": "0.090189"}}, {"timestamp": 0.5034274999998161, "attitude": {"pitch": "-0.223941", "yaw": "1.685679", "roll": "1.177691"}, "userAcceleration": {"y": "-7.283552", "z": "9.685140", "x": "8.211249"}}, {"attitude": {"pitch": "-0.191441", "yaw": "1.910429", "roll": "1.590745"}, "timestamp": 0.5235644999993383, "userAcceleration": {"x": "4.529344", "y": "3.015995", "z": "7.382379"}}, {"attitude": {"yaw": "2.042063", "pitch": "-0.057233", "roll": "1.865671"}, "timestamp": 0.5437015000006795, "userAcceleration": {"x": "8.287877", "y": "3.125340", "z": "2.237886"}}, {"timestamp": 0.5638395000005403, "attitude": {"pitch": "0.071299", "roll": "2.015167", "yaw": "2.117146"}, "userAcceleration": {"x": "8.711702", "z": "3.074284", "y": "2.008708"}}, {"timestamp": 0.5839765000000625, "attitude": {"roll": "2.148629", "yaw": "2.068913", "pitch": "0.209457"}, "userAcceleration": {"z": "0.110961", "y": "2.432935", "x": "8.856059"}}, {"timestamp": 0.6041134999995847, "attitude": {"yaw": "2.029670", "roll": "2.228687", "pitch": "0.334525"}, "userAcceleration": {"y": "0.757291", "x": "7.323426", "z": "-0.085855"}}, {"attitude": {"yaw": "1.987879", "roll": "2.268066", "pitch": "0.447057"}, "userAcceleration": {"x": "6.165339", "y": "1.518023", "z": "-0.939937"}, "timestamp": 0.624250499999107}, {"userAcceleration": {"z": "-0.615821", "x": "4.833896", "y": "1.777547"}, "timestamp": 0.6443875000004482, "attitude": {"yaw": "1.923301", "pitch": "0.539357", "roll": "2.312643"}}, {"timestamp": 0.6645244999999704, "attitude": {"roll": "2.346993", "yaw": "1.856036", "pitch": "0.620376"}, "userAcceleration": {"z": "0.335964", "x": "4.529051", "y": "1.192135"}}, {"userAcceleration": {"y": "0.741930", "z": "0.045284", "x": "3.915643"}, "attitude": {"pitch": "0.693090", "yaw": "1.801216", "roll": "2.369418"}, "timestamp": 0.6846614999994927}, {"attitude": {"yaw": "1.740821", "roll": "2.390380", "pitch": "0.753083"}, "timestamp": 0.7047984999990149, "userAcceleration": {"x": "3.129024", "z": "-0.829444", "y": "0.703392"}}, {"timestamp": 0.7249355000003561, "userAcceleration": {"x": "2.637072", "z": "-1.198508", "y": "0.870339"}, "attitude": {"pitch": "0.795583", "yaw": "1.650979", "roll": "2.409137"}}, {"attitude": {"roll": "2.418423", "pitch": "0.830791", "yaw": "1.537661"}, "userAcceleration": {"x": "1.941488", "z": "-0.898927", "y": "1.222275"}, "timestamp": 0.7450735000002169}, {"timestamp": 0.7652104999997391, "userAcceleration": {"y": "0.838638", "x": "1.077922", "z": "-0.389074"}, "attitude": {"roll": "2.399453", "pitch": "0.863939", "yaw": "1.437700"}}, {"timestamp": 0.7853474999992613, "userAcceleration": {"z": "-0.031789", "x": "0.605338", "y": "0.454022"}, "attitude": {"yaw": "1.363636", "pitch": "0.897688", "roll": "2.343314"}}, {"timestamp": 0.8054845000006026, "userAcceleration": {"y": "0.265421", "z": "0.204341", "x": "0.088581"}, "attitude": {"yaw": "1.310667", "roll": "2.260848", "pitch": "0.927952"}}, {"attitude": {"pitch": "0.959578", "roll": "2.158071", "yaw": "1.280735"}, "timestamp": 0.8256215000001248, "userAcceleration": {"y": "0.104808", "z": "0.155078", "x": "-0.150369"}}, {"userAcceleration": {"x": "-0.185929", "z": "0.034697", "y": "-0.023371"}, "timestamp": 0.845758499999647, "attitude": {"pitch": "0.990377", "roll": "2.037121", "yaw": "1.281364"}}, {"userAcceleration": {"x": "-0.144934", "z": "-0.165274", "y": "0.145514"}, "timestamp": 0.8658954999991693, "attitude": {"yaw": "1.283921", "roll": "1.913682", "pitch": "1.021450"}}, {"attitude": {"pitch": "1.064210", "yaw": "1.315668", "roll": "1.753600"}, "userAcceleration": {"x": "-0.202727", "y": "0.428529", "z": "0.033548"}, "timestamp": 0.8860325000005105}, {"userAcceleration": {"z": "0.097925", "y": "-0.114219", "x": "-0.349167"}, "timestamp": 0.9061695000000327, "attitude": {"pitch": "1.084896", "roll": "1.528319", "yaw": "1.420658"}}, {"timestamp": 0.9263074999998935, "attitude": {"pitch": "1.074151", "roll": "1.287013", "yaw": "1.574252"}, "userAcceleration": {"x": "-0.583092", "z": "-0.018752", "y": "-0.194972"}}, {"timestamp": 0.9464444999994157, "userAcceleration": {"x": "-0.713237", "y": "0.344472", "z": "-0.030738"}, "attitude": {"yaw": "1.688795", "roll": "1.086889", "pitch": "1.054923"}}, {"attitude": {"pitch": "1.024884", "yaw": "1.782951", "roll": "0.905736"}, "userAcceleration": {"z": "-0.052875", "x": "-0.643867", "y": "0.077097"}, "timestamp": 0.9665814999989379}, {"userAcceleration": {"x": "-0.619920", "y": "-0.935109", "z": "0.332206"}, "timestamp": 0.9867185000002792, "attitude": {"pitch": "0.983495", "yaw": "1.860473", "roll": "0.744429"}}]