[{"timestamp": 0.4631570000019565, "attitude": {"pitch": "0.146425", "yaw": "-1.256972", "roll": "-1.011226"}, "userAcceleration": {"z": "-0.346608", "y": "-0.174151", "x": "0.099401"}}, {"timestamp": 0.48329500000181724, "userAcceleration": {"y": "-0.214705", "z": "-0.369274", "x": "0.033148"}, "attitude": {"pitch": "0.160882", "yaw": "-1.283820", "roll": "-1.023192"}}, {"userAcceleration": {"z": "-0.351593", "x": "-0.146401", "y": "-0.262389"}, "attitude": {"yaw": "-1.305149", "pitch": "0.177646", "roll": "-1.042129"}, "timestamp": 0.5034320000013395}, {"attitude": {"pitch": "0.196871", "yaw": "-1.320915", "roll": "-1.070765"}, "userAcceleration": {"y": "-0.301545", "x": "-0.223597", "z": "-0.231651"}, "timestamp": 0.5235690000008617}, {"attitude": {"yaw": "-1.324573", "roll": "-1.110889", "pitch": "0.220194"}, "timestamp": 0.5437060000003839, "userAcceleration": {"x": "-0.375939", "y": "-0.280239", "z": "-0.271579"}}, {"attitude": {"yaw": "-1.307936", "roll": "-1.167392", "pitch": "0.248602"}, "userAcceleration": {"z": "-0.312235", "x": "-0.459375", "y": "-0.285461"}, "timestamp": 0.5638440000002447}, {"timestamp": 0.5839809999997669, "attitude": {"pitch": "0.276689", "yaw": "-1.270962", "roll": "-1.244035"}, "userAcceleration": {"x": "-0.683754", "y": "-0.386145", "z": "-0.264793"}}, {"timestamp": 0.6041180000029271, "userAcceleration": {"y": "-0.660276", "x": "-0.835785", "z": "-0.198555"}, "attitude": {"yaw": "-1.218100", "roll": "-1.341380", "pitch": "0.296886"}}, {"userAcceleration": {"y": "-0.737740", "x": "-0.871918", "z": "-0.374326"}, "timestamp": 0.6242550000024494, "attitude": {"roll": "-1.460329", "pitch": "0.305120", "yaw": "-1.145409"}}, {"timestamp": 0.6443930000023101, "userAcceleration": {"y": "-0.793585", "x": "-0.888063", "z": "-0.497578"}, "attitude": {"yaw": "-1.042998", "pitch": "0.295235", "roll": "-1.603039"}}, {"userAcceleration": {"y": "-1.144472", "z": "-0.434734", "x": "-1.024567"}, "timestamp": 0.6645286250022764, "attitude": {"yaw": "-0.921542", "roll": "-1.761828", "pitch": "0.257646"}}, {"timestamp": 0.6846656250017986, "attitude": {"roll": "-1.924907", "pitch": "0.191000", "yaw": "-0.811065"}, "userAcceleration": {"z": "-0.187405", "y": "-1.628992", "x": "-1.164825"}}, {"timestamp": 0.7048026250013208, "attitude": {"roll": "-2.092441", "yaw": "-0.710518", "pitch": "0.096403"}, "userAcceleration": {"x": "-1.180390", "y": "-1.751693", "z": "-0.135672"}}, {"userAcceleration": {"x": "-1.253493", "y": "-1.767048", "z": "0.049692"}, "attitude": {"roll": "-2.261926", "pitch": "-0.027519", "yaw": "-0.616502"}, "timestamp": 0.7249406250011816}, {"timestamp": 0.7450776250007038, "userAcceleration": {"x": "-1.269361", "y": "-1.839167", "z": "0.385109"}, "attitude": {"yaw": "-0.526836", "roll": "-2.431241", "pitch": "-0.179407"}}, {"timestamp": 0.7652146250002261, "userAcceleration": {"z": "1.003331", "y": "-1.958907", "x": "-1.363187"}, "attitude": {"pitch": "-0.349331", "yaw": "-0.442495", "roll": "-2.601274"}}, {"attitude": {"roll": "-2.768120", "pitch": "-0.530486", "yaw": "-0.354617"}, "userAcceleration": {"y": "-2.366090", "x": "-1.549887", "z": "1.632049"}, "timestamp": 0.7853516249997483}, {"userAcceleration": {"z": "2.072112", "x": "-1.601538", "y": "-2.465672"}, "timestamp": 0.8054896249996091, "attitude": {"pitch": "-0.719734", "roll": "-2.905097", "yaw": "-0.233800"}}, {"timestamp": 0.8256266250027693, "attitude": {"pitch": "-0.894118", "yaw": "-0.008963", "roll": "-2.936365"}, "userAcceleration": {"z": "2.828982", "x": "-1.462183", "y": "-2.230356"}}, {"userAcceleration": {"z": "3.560220", "x": "-0.358024", "y": "-0.125864"}, "attitude": {"roll": "-2.693662", "pitch": "-1.054315", "yaw": "0.494483"}, "timestamp": 0.8457636250022915}, {"userAcceleration": {"x": "6.170681", "z": "4.383905", "y": "-3.007721"}, "attitude": {"yaw": "1.443942", "pitch": "-0.957808", "roll": "-1.943617"}, "timestamp": 0.8659006250018138}, {"attitude": {"roll": "-1.588043", "pitch": "-0.503999", "yaw": "1.936668"}, "timestamp": 0.8860386250016745, "userAcceleration": {"y": "-0.041449", "z": "6.436116", "x": "8.820459"}}, {"timestamp": 0.9061756250011967, "userAcceleration": {"x": "13.966058", "z": "3.181883", "y": "-3.804166"}, "attitude": {"yaw": "1.907647", "pitch": "0.025015", "roll": "-1.372961"}}, {"timestamp": 0.926312625000719, "attitude": {"roll": "-0.748896", "yaw": "1.378391", "pitch": "0.183515"}, "userAcceleration": {"z": "2.355014", "y": "-6.854867", "x": "15.754069"}}, {"userAcceleration": {"y": "-11.081425", "z": "-4.696265", "x": "13.969654"}, "timestamp": 0.9464496250002412, "attitude": {"pitch": "-0.294160", "roll": "-0.304926", "yaw": "0.937354"}}, {"timestamp": 0.966587625000102, "attitude": {"roll": "-0.124734", "pitch": "-1.014777", "yaw": "0.963428"}, "userAcceleration": {"x": "7.939078", "y": "-6.858167", "z": "15.989666"}}, {"timestamp": 0.9867246249996242, "attitude": {"yaw": "1.998836", "pitch": "-1.190591", "roll": "0.887562"}, "userAcceleration": {"x": "9.634081", "z": "8.922196", "y": "3.677231"}}, {"userAcceleration": {"y": "-2.991195", "z": "-0.496962", "x": "8.099192"}, "timestamp": 1.0068616250027844, "attitude": {"yaw": "2.320815", "pitch": "-0.836146", "roll": "1.211563"}}, {"userAcceleration": {"y": "-6.739645", "z": "4.169950", "x": "8.480058"}, "attitude": {"pitch": "-0.621644", "yaw": "2.650430", "roll": "1.407734"}, "timestamp": 1.0269986250023067}, {"userAcceleration": {"x": "8.349762", "y": "3.460459", "z": "-0.196678"}, "attitude": {"pitch": "-0.400472", "roll": "1.365963", "yaw": "2.740961"}, "timestamp": 1.0471366250021674}, {"timestamp": 1.0672736250016897, "attitude": {"yaw": "2.723763", "pitch": "-0.213880", "roll": "1.304920"}, "userAcceleration": {"x": "6.228250", "y": "1.301404", "z": "0.027703"}}, {"timestamp": 1.0874106250012119, "attitude": {"pitch": "-0.007146", "roll": "1.260649", "yaw": "2.582892"}, "userAcceleration": {"y": "2.257991", "x": "5.611609", "z": "0.521103"}}, {"timestamp": 1.1075476250007341, "attitude": {"pitch": "0.259008", "roll": "1.293343", "yaw": "2.326865"}, "userAcceleration": {"y": "3.055667", "z": "0.915620", "x": "4.913525"}}, {"userAcceleration": {"z": "0.855614", "x": "3.940783", "y": "2.447690"}, "attitude": {"roll": "1.501364", "pitch": "0.515193", "yaw": "1.944506"}, "timestamp": 1.1276856250005949}, {"attitude": {"roll": "1.770456", "pitch": "0.641542", "yaw": "1.649987"}, "timestamp": 1.1478226250001171, "userAcceleration": {"z": "-0.816143", "y": "-1.121753", "x": "3.848867"}}, {"attitude": {"roll": "1.806592", "yaw": "1.680362", "pitch": "0.758812"}, "timestamp": 1.1679596249996393, "userAcceleration": {"x": "4.944344", "z": "-1.102402", "y": "-3.226643"}}, {"timestamp": 1.1880966250027996, "userAcceleration": {"y": "0.328057", "x": "3.779452", "z": "-1.673171"}, "attitude": {"pitch": "0.884018", "yaw": "1.917005", "roll": "1.656695"}}, {"timestamp": 1.2082346250026603, "userAcceleration": {"y": "3.120918", "x": "3.390919", "z": "-2.771319"}, "attitude": {"pitch": "0.963065", "yaw": "2.127983", "roll": "1.470047"}}, {"attitude": {"roll": "1.394873", "pitch": "0.981577", "yaw": "2.190074"}, "userAcceleration": {"x": "1.354400", "y": "3.111068", "z": "-2.504181"}, "timestamp": 1.2283716250021826}, {"timestamp": 1.2485086250017048, "attitude": {"roll": "1.310814", "pitch": "0.960169", "yaw": "2.256956"}, "userAcceleration": {"y": "1.236174", "x": "0.639033", "z": "-1.419087"}}, {"timestamp": 1.268645625001227, "attitude": {"yaw": "2.435208", "roll": "1.136227", "pitch": "0.872562"}, "userAcceleration": {"x": "1.007356", "z": "-0.008699", "y": "0.325961"}}, {"attitude": {"roll": "0.991396", "pitch": "0.722283", "yaw": "2.596143"}, "userAcceleration": {"x": "0.793925", "y": "0.321408", "z": "0.497216"}, "timestamp": 1.2887826250007492}, {"timestamp": 1.30892062500061, "userAcceleration": {"y": "1.798010", "x": "0.844261", "z": "-0.244021"}, "attitude": {"yaw": "2.591135", "roll": "0.968540", "pitch": "0.622846"}}, {"attitude": {"pitch": "0.576717", "yaw": "2.495502", "roll": "1.000383"}, "timestamp": 1.3290576250001322, "userAcceleration": {"y": "0.530626", "x": "0.789102", "z": "-0.372019"}}, {"attitude": {"pitch": "0.516322", "yaw": "2.378688", "roll": "1.035518"}, "timestamp": 1.3491946249996545, "userAcceleration": {"x": "0.812836", "y": "0.094302", "z": "0.371840"}}, {"attitude": {"pitch": "0.468339", "roll": "1.085184", "yaw": "2.205118"}, "userAcceleration": {"y": "1.188618", "x": "0.919583", "z": "0.217622"}, "timestamp": 1.3693316250028147}, {"userAcceleration": {"y": "0.447704", "x": "1.030118", "z": "0.422189"}, "attitude": {"roll": "1.130639", "pitch": "0.419143", "yaw": "2.002284"}, "timestamp": 1.3894696250026755}, {"attitude": {"yaw": "1.777524", "pitch": "0.372493", "roll": "1.162542"}, "userAcceleration": {"y": "0.424272", "x": "1.143981", "z": "0.534806"}, "timestamp": 1.4096066250021977}, {"timestamp": 1.42974362500172, "userAcceleration": {"y": "0.209184", "z": "0.712618", "x": "1.136263"}, "attitude": {"roll": "1.175889", "pitch": "0.336016", "yaw": "1.538907"}}, {"attitude": {"pitch": "0.316943", "yaw": "1.298790", "roll": "1.169045"}, "userAcceleration": {"y": "-0.025114", "x": "1.102545", "z": "0.876239"}, "timestamp": 1.4498806250012422}]