[{"attitude": {"pitch": "-0.314715", "yaw": "-0.109279", "roll": "-1.084569"}, "timestamp": 0.08054900000024645, "userAcceleration": {"y": "-1.060720", "z": "-0.001138", "x": "-0.229572"}}, {"attitude": {"roll": "-1.127123", "pitch": "-0.359054", "yaw": "-0.100927"}, "userAcceleration": {"y": "-0.906213", "x": "-0.201290", "z": "0.010239"}, "timestamp": 0.10068600000158767}, {"userAcceleration": {"z": "0.098057", "x": "-0.200279", "y": "-0.783207"}, "timestamp": 0.12082400000144844, "attitude": {"roll": "-1.165397", "pitch": "-0.401082", "yaw": "-0.077418"}}, {"timestamp": 0.14096100000097067, "attitude": {"roll": "-1.196888", "pitch": "-0.443505", "yaw": "-0.046847"}, "userAcceleration": {"x": "-0.253958", "y": "-0.698837", "z": "0.157174"}}, {"attitude": {"roll": "-1.217225", "pitch": "-0.487720", "yaw": "-0.014589"}, "userAcceleration": {"z": "0.224519", "y": "-0.724212", "x": "-0.285530"}, "timestamp": 0.1610980000004929}, {"attitude": {"roll": "-1.223654", "pitch": "-0.532135", "yaw": "0.024416"}, "timestamp": 0.18123500000001513, "userAcceleration": {"x": "-0.249980", "z": "0.188174", "y": "-0.733113"}}, {"userAcceleration": {"x": "-0.079203", "y": "-0.747777", "z": "0.028219"}, "attitude": {"roll": "-1.233919", "yaw": "0.073241", "pitch": "-0.572666"}, "timestamp": 0.2013730000016949}, {"attitude": {"pitch": "-0.625236", "roll": "-1.255197", "yaw": "0.129737"}, "timestamp": 0.22151000000121712, "userAcceleration": {"z": "0.140356", "x": "0.022320", "y": "-0.514823"}}, {"userAcceleration": {"x": "-0.027264", "y": "-0.497182", "z": "0.165608"}, "timestamp": 0.24164700000073935, "attitude": {"roll": "-1.276273", "yaw": "0.192197", "pitch": "-0.680191"}}, {"attitude": {"roll": "-1.306522", "yaw": "0.255868", "pitch": "-0.741158"}, "timestamp": 0.2617850000006001, "userAcceleration": {"y": "-0.497561", "x": "0.013697", "z": "0.144061"}}, {"timestamp": 0.28192200000012235, "userAcceleration": {"y": "-0.569724", "x": "0.094367", "z": "0.137426"}, "attitude": {"pitch": "-0.809216", "yaw": "0.302077", "roll": "-1.365385"}}, {"timestamp": 0.3020590000014636, "userAcceleration": {"x": "0.188878", "y": "-0.442221", "z": "-0.014830"}, "attitude": {"yaw": "0.350182", "roll": "-1.452369", "pitch": "-0.880748"}}, {"attitude": {"pitch": "-0.953111", "yaw": "0.431690", "roll": "-1.539080"}, "userAcceleration": {"z": "0.116449", "y": "-0.041921", "x": "0.263505"}, "timestamp": 0.3221960000009858}, {"userAcceleration": {"z": "0.533671", "x": "0.351552", "y": "0.244553"}, "timestamp": 0.34233400000084657, "attitude": {"yaw": "0.566954", "pitch": "-1.042127", "roll": "-1.599973"}}, {"timestamp": 0.3624710000003688, "attitude": {"pitch": "-1.142492", "roll": "-1.648563", "yaw": "0.749600"}, "userAcceleration": {"x": "0.325176", "z": "1.621405", "y": "0.537762"}}, {"userAcceleration": {"x": "0.112411", "y": "1.181656", "z": "2.776199"}, "attitude": {"pitch": "-1.236546", "roll": "-1.703794", "yaw": "0.947306"}, "timestamp": 0.38260799999989104}, {"timestamp": 0.40274500000123226, "attitude": {"pitch": "-1.293890", "yaw": "1.222127", "roll": "-1.679137"}, "userAcceleration": {"y": "1.635811", "x": "-0.379681", "z": "3.370479"}}, {"timestamp": 0.422883000001093, "attitude": {"roll": "-1.513555", "pitch": "-1.265998", "yaw": "1.601511"}, "userAcceleration": {"y": "1.393932", "x": "-0.794323", "z": "3.397952"}}, {"userAcceleration": {"y": "2.512479", "z": "3.441093", "x": "0.399707"}, "timestamp": 0.44302000000061525, "attitude": {"pitch": "-1.105039", "yaw": "1.763045", "roll": "-1.585187"}}, {"attitude": {"pitch": "-0.760279", "roll": "-1.521434", "yaw": "1.962053"}, "userAcceleration": {"y": "4.405085", "x": "2.782432", "z": "3.497532"}, "timestamp": 0.4631570000001375}, {"timestamp": 0.4832940000014787, "userAcceleration": {"z": "4.603406", "x": "4.707541", "y": "6.143947"}, "attitude": {"pitch": "-0.330497", "roll": "-1.443839", "yaw": "2.069252"}}, {"timestamp": 0.5034320000013395, "attitude": {"roll": "-1.303802", "yaw": "1.788250", "pitch": "0.116928"}, "userAcceleration": {"z": "3.803643", "x": "12.371129", "y": "1.298241"}}, {"attitude": {"roll": "-0.734385", "pitch": "0.099886", "yaw": "1.148343"}, "userAcceleration": {"x": "15.909054", "y": "-3.943111", "z": "0.880999"}, "timestamp": 0.5235690000008617}, {"timestamp": 0.5437060000003839, "userAcceleration": {"x": "6.171775", "y": "-19.176956", "z": "-2.776160"}, "attitude": {"roll": "-0.302189", "yaw": "0.541708", "pitch": "-0.353460"}}, {"timestamp": 0.5638440000002447, "attitude": {"roll": "-0.013016", "pitch": "-0.841350", "yaw": "0.581723"}, "userAcceleration": {"z": "14.050602", "x": "2.600166", "y": "-5.188476"}}, {"userAcceleration": {"y": "-0.101046", "z": "17.049450", "x": "2.240180"}, "timestamp": 0.5839810000015859, "attitude": {"yaw": "1.225696", "pitch": "-1.250800", "roll": "0.871113"}}, {"timestamp": 0.6041180000011082, "attitude": {"roll": "1.529663", "pitch": "-1.052537", "yaw": "1.971743"}, "userAcceleration": {"x": "17.261595", "y": "3.018342", "z": "8.357910"}}, {"attitude": {"yaw": "2.164316", "roll": "1.662639", "pitch": "-0.809984"}, "timestamp": 0.6242550000006304, "userAcceleration": {"z": "4.216411", "y": "4.425870", "x": "3.913096"}}, {"timestamp": 0.6443930000004912, "userAcceleration": {"x": "4.950527", "z": "1.170842", "y": "4.687186"}, "attitude": {"roll": "1.643005", "pitch": "-0.601353", "yaw": "2.170550"}}, {"attitude": {"yaw": "2.133181", "roll": "1.606280", "pitch": "-0.442194"}, "userAcceleration": {"y": "3.295374", "z": "-0.245763", "x": "3.538755"}, "timestamp": 0.664528875000542}, {"userAcceleration": {"x": "3.914195", "z": "-0.234748", "y": "2.404383"}, "timestamp": 0.6846658750000643, "attitude": {"yaw": "2.090633", "pitch": "-0.295485", "roll": "1.547913"}}, {"timestamp": 0.7048028750014055, "attitude": {"pitch": "-0.148661", "roll": "1.495603", "yaw": "2.021694"}, "userAcceleration": {"z": "-0.782166", "y": "2.489474", "x": "3.049667"}}, {"userAcceleration": {"z": "-0.652314", "y": "2.041616", "x": "2.702355"}, "timestamp": 0.7249408750012662, "attitude": {"yaw": "1.932777", "pitch": "0.002295", "roll": "1.462723"}}, {"timestamp": 0.7450778750007885, "attitude": {"roll": "1.454757", "pitch": "0.155563", "yaw": "1.835220"}, "userAcceleration": {"y": "1.659865", "x": "2.031765", "z": "-0.393920"}}, {"userAcceleration": {"x": "1.562696", "y": "1.148834", "z": "-0.170270"}, "timestamp": 0.7652148750003107, "attitude": {"pitch": "0.298592", "roll": "1.470780", "yaw": "1.735606"}}, {"attitude": {"roll": "1.504868", "pitch": "0.423399", "yaw": "1.645348"}, "userAcceleration": {"z": "-0.201747", "x": "1.496182", "y": "0.657200"}, "timestamp": 0.7853518750016519}, {"userAcceleration": {"z": "-0.454276", "x": "1.636288", "y": "0.279402"}, "timestamp": 0.8054898750015127, "attitude": {"roll": "1.543130", "pitch": "0.538248", "yaw": "1.567257"}}, {"userAcceleration": {"y": "0.030693", "x": "1.554615", "z": "-0.719845"}, "timestamp": 0.8256268750010349, "attitude": {"pitch": "0.640013", "yaw": "1.498975", "roll": "1.584413"}}, {"attitude": {"pitch": "0.726639", "yaw": "1.450678", "roll": "1.601794"}, "userAcceleration": {"y": "-0.172293", "x": "1.465686", "z": "-0.632310"}, "timestamp": 0.8457638750005572}, {"timestamp": 0.8659018750004179, "userAcceleration": {"z": "-0.575576", "y": "-0.191961", "x": "1.259771"}, "attitude": {"yaw": "1.429506", "pitch": "0.801446", "roll": "1.579416"}}, {"attitude": {"pitch": "0.863035", "yaw": "1.415350", "roll": "1.538748"}, "userAcceleration": {"x": "0.943247", "y": "0.085716", "z": "-0.670513"}, "timestamp": 0.8860388749999402}, {"attitude": {"roll": "1.488797", "pitch": "0.914248", "yaw": "1.406329"}, "userAcceleration": {"z": "-0.597160", "y": "0.337849", "x": "0.587404"}, "timestamp": 0.9061758750012814}, {"userAcceleration": {"x": "0.289005", "z": "-0.370976", "y": "0.317478"}, "timestamp": 0.9263128750008036, "attitude": {"yaw": "1.407873", "roll": "1.424898", "pitch": "0.955457"}}, {"userAcceleration": {"z": "-0.107630", "x": "0.170346", "y": "0.247287"}, "attitude": {"yaw": "1.423754", "pitch": "0.988761", "roll": "1.338629"}, "timestamp": 0.9464508750006644}, {"timestamp": 0.9665878750001866, "userAcceleration": {"x": "0.105766", "y": "0.263852", "z": "-0.026014"}, "attitude": {"pitch": "1.015095", "yaw": "1.444641", "roll": "1.241345"}}, {"attitude": {"pitch": "1.036031", "roll": "1.144074", "yaw": "1.467147"}, "userAcceleration": {"z": "0.035168", "x": "-0.022089", "y": "0.268943"}, "timestamp": 0.9867248750015278}, {"timestamp": 1.00686187500105, "userAcceleration": {"y": "0.256224", "z": "0.096705", "x": "-0.072331"}, "attitude": {"roll": "1.060066", "yaw": "1.478294", "pitch": "1.053953"}}, {"userAcceleration": {"x": "0.013530", "z": "0.191705", "y": "0.287143"}, "timestamp": 1.0269998750009108, "attitude": {"yaw": "1.481561", "roll": "0.984804", "pitch": "1.075140"}}, {"userAcceleration": {"y": "0.261030", "z": "0.344184", "x": "0.014652"}, "timestamp": 1.047136875000433, "attitude": {"yaw": "1.487042", "roll": "0.905262", "pitch": "1.097539"}}, {"userAcceleration": {"x": "-0.072860", "y": "0.121384", "z": "0.435823"}, "timestamp": 1.0672738749999553, "attitude": {"yaw": "1.505516", "pitch": "1.114845", "roll": "0.813750"}}]