[{"timestamp": 0.1610949999994773, "userAcceleration": {"z": "-0.309334", "x": "0.606116", "y": "-1.145791"}, "attitude": {"pitch": "0.321576", "yaw": "-0.487299", "roll": "-0.966620"}}, {"attitude": {"roll": "-1.098181", "yaw": "-0.489554", "pitch": "0.316080"}, "userAcceleration": {"y": "-1.179223", "x": "0.613454", "z": "-0.255949"}, "timestamp": 0.18123199999899953}, {"attitude": {"roll": "-1.227979", "yaw": "-0.476894", "pitch": "0.305251"}, "timestamp": 0.20136899999852176, "userAcceleration": {"z": "-0.106445", "y": "-1.214131", "x": "0.619327"}}, {"timestamp": 0.221505999998044, "attitude": {"yaw": "-0.451646", "roll": "-1.354172", "pitch": "0.286514"}, "userAcceleration": {"y": "-1.190367", "x": "0.577395", "z": "-0.034886"}}, {"userAcceleration": {"z": "0.122016", "x": "0.606270", "y": "-1.149918"}, "timestamp": 0.24164299999756622, "attitude": {"roll": "-1.476270", "yaw": "-0.427859", "pitch": "0.255739"}}, {"attitude": {"pitch": "0.214859", "roll": "-1.595153", "yaw": "-0.404375"}, "timestamp": 0.26177999999708845, "userAcceleration": {"x": "0.604448", "y": "-1.195665", "z": "0.405329"}}, {"attitude": {"roll": "-1.711547", "pitch": "0.166542", "yaw": "-0.373373"}, "userAcceleration": {"y": "-1.086393", "x": "0.530535", "z": "0.529211"}, "timestamp": 0.28191687499929685}, {"attitude": {"roll": "-1.825894", "pitch": "0.106264", "yaw": "-0.323919"}, "userAcceleration": {"z": "0.471023", "y": "-1.079269", "x": "0.568122"}, "timestamp": 0.30205287499848055}, {"timestamp": 0.3221898749980028, "attitude": {"roll": "-1.940269", "yaw": "-0.251012", "pitch": "0.027635"}, "userAcceleration": {"x": "0.657427", "y": "-1.037859", "z": "0.180686"}}, {"attitude": {"pitch": "-0.066178", "roll": "-2.055813", "yaw": "-0.167739"}, "timestamp": 0.342326874997525, "userAcceleration": {"y": "-1.035398", "z": "-0.001427", "x": "0.626246"}}, {"userAcceleration": {"x": "0.602061", "y": "-1.020461", "z": "0.082790"}, "attitude": {"pitch": "-0.157247", "yaw": "-0.103742", "roll": "-2.177446"}, "timestamp": 0.36246387499704724}, {"userAcceleration": {"y": "-1.137213", "z": "-0.011230", "x": "0.508966"}, "timestamp": 0.3826008749965695, "attitude": {"pitch": "-0.244013", "yaw": "-0.051262", "roll": "-2.308625"}}, {"userAcceleration": {"x": "0.346303", "y": "-0.996311", "z": "-0.105434"}, "timestamp": 0.4027378749997297, "attitude": {"yaw": "0.014616", "pitch": "-0.344403", "roll": "-2.447996"}}, {"userAcceleration": {"x": "0.240143", "y": "-1.051610", "z": "0.191352"}, "timestamp": 0.4228748749992519, "attitude": {"roll": "-2.590756", "yaw": "0.108785", "pitch": "-0.496243"}}, {"userAcceleration": {"z": "0.896212", "x": "0.103977", "y": "-1.100035"}, "timestamp": 0.44301187499877415, "attitude": {"roll": "-2.743843", "yaw": "0.212470", "pitch": "-0.720558"}}, {"attitude": {"yaw": "0.260916", "roll": "-2.946509", "pitch": "-0.963185"}, "timestamp": 0.4631488749982964, "userAcceleration": {"y": "-1.116424", "x": "0.087599", "z": "2.065623"}}, {"userAcceleration": {"z": "3.460956", "y": "-0.523327", "x": "0.032920"}, "attitude": {"pitch": "-1.104787", "roll": "3.071560", "yaw": "0.241433"}, "timestamp": 0.4832858749978186}, {"userAcceleration": {"x": "0.038568", "y": "1.376738", "z": "4.498312"}, "attitude": {"roll": "3.003209", "pitch": "-1.138137", "yaw": "0.422411"}, "timestamp": 0.5034218749970023}, {"attitude": {"pitch": "-1.111721", "roll": "-2.799924", "yaw": "1.104202"}, "timestamp": 0.5235588749965245, "userAcceleration": {"y": "4.330192", "z": "5.565953", "x": "0.114582"}}, {"userAcceleration": {"y": "3.881424", "z": "6.592953", "x": "3.699533"}, "timestamp": 0.5436958749996847, "attitude": {"yaw": "1.859066", "roll": "-2.144222", "pitch": "-0.926283"}}, {"timestamp": 0.563832874999207, "attitude": {"roll": "-1.732761", "pitch": "-0.509135", "yaw": "2.253753"}, "userAcceleration": {"x": "9.396468", "y": "0.832494", "z": "8.372715"}}, {"timestamp": 0.5839698749987292, "userAcceleration": {"z": "6.723195", "y": "-2.124748", "x": "14.470441"}, "attitude": {"yaw": "2.284125", "roll": "-1.317457", "pitch": "-0.058986"}}, {"timestamp": 0.6041068749982514, "attitude": {"pitch": "0.129394", "yaw": "1.974709", "roll": "-0.698379"}, "userAcceleration": {"z": "6.594398", "x": "15.326399", "y": "-9.170909"}}, {"timestamp": 0.6242438749977737, "attitude": {"pitch": "-0.067547", "roll": "-0.049812", "yaw": "1.723074"}, "userAcceleration": {"x": "16.893412", "y": "-6.174948", "z": "5.491813"}}, {"timestamp": 0.6443808749972959, "attitude": {"roll": "0.398947", "yaw": "1.810209", "pitch": "-0.599232"}, "userAcceleration": {"z": "7.179226", "x": "17.889757", "y": "0.721072"}}, {"attitude": {"pitch": "-0.649591", "roll": "0.870692", "yaw": "2.253036"}, "userAcceleration": {"y": "-5.199053", "x": "11.372797", "z": "10.719510"}, "timestamp": 0.6645178749968181}, {"attitude": {"roll": "1.113776", "pitch": "-0.353494", "yaw": "2.455751"}, "timestamp": 0.6846548749999783, "userAcceleration": {"z": "-0.878336", "y": "-0.613054", "x": "9.107013"}}, {"userAcceleration": {"z": "-0.047413", "x": "10.255853", "y": "-2.924421"}, "timestamp": 0.704790874999162, "attitude": {"roll": "1.208619", "pitch": "-0.055997", "yaw": "2.579567"}}, {"timestamp": 0.7249278749986843, "attitude": {"yaw": "2.693084", "roll": "1.247205", "pitch": "0.173638"}, "userAcceleration": {"y": "-1.415276", "z": "-0.774684", "x": "7.178523"}}, {"attitude": {"roll": "1.267316", "pitch": "0.358796", "yaw": "2.744958"}, "timestamp": 0.7450648749982065, "userAcceleration": {"z": "-1.975573", "x": "5.915748", "y": "1.169247"}}, {"timestamp": 0.7652018749977287, "userAcceleration": {"y": "0.349217", "z": "-2.465028", "x": "5.876769"}, "attitude": {"roll": "1.253445", "pitch": "0.503980", "yaw": "2.763000"}}, {"timestamp": 0.785338874997251, "attitude": {"roll": "1.299130", "pitch": "0.671294", "yaw": "2.640583"}, "userAcceleration": {"z": "-3.117157", "x": "5.514391", "y": "1.193868"}}, {"timestamp": 0.8054758749967732, "attitude": {"pitch": "0.843138", "yaw": "2.364307", "roll": "1.489541"}, "userAcceleration": {"x": "4.444372", "z": "-2.876328", "y": "0.935730"}}, {"timestamp": 0.8256128749999334, "attitude": {"yaw": "2.091830", "roll": "1.696463", "pitch": "0.960238"}, "userAcceleration": {"y": "-1.037422", "z": "-2.142308", "x": "4.482389"}}, {"attitude": {"pitch": "1.051393", "roll": "1.788104", "yaw": "1.961343"}, "userAcceleration": {"y": "-1.152392", "z": "-2.331763", "x": "3.737388"}, "timestamp": 0.8457498749994556}, {"timestamp": 0.8658868749989779, "attitude": {"yaw": "1.929379", "pitch": "1.137242", "roll": "1.793250"}, "userAcceleration": {"z": "-2.416139", "x": "3.001553", "y": "0.118965"}}, {"timestamp": 0.8860238749985001, "attitude": {"pitch": "1.221443", "yaw": "1.944138", "roll": "1.755490"}, "userAcceleration": {"x": "2.477404", "z": "-2.378824", "y": "1.156559"}}, {"attitude": {"pitch": "1.294123", "yaw": "2.011708", "roll": "1.656924"}, "userAcceleration": {"z": "-2.160262", "x": "1.928905", "y": "1.300257"}, "timestamp": 0.9061598749976838}, {"attitude": {"pitch": "1.345578", "yaw": "2.175859", "roll": "1.447179"}, "timestamp": 0.926296874997206, "userAcceleration": {"x": "1.478489", "y": "1.496840", "z": "-1.557364"}}, {"attitude": {"pitch": "1.348966", "roll": "1.078098", "yaw": "2.482417"}, "userAcceleration": {"y": "1.235216", "x": "1.176773", "z": "-0.787777"}, "timestamp": 0.9464338749967283}, {"timestamp": 0.9665708749998885, "userAcceleration": {"z": "-0.113905", "y": "1.133173", "x": "0.960848"}, "attitude": {"yaw": "2.739692", "pitch": "1.291067", "roll": "0.742936"}}, {"attitude": {"roll": "0.563650", "pitch": "1.188333", "yaw": "2.833044"}, "timestamp": 0.9867078749994107, "userAcceleration": {"z": "0.199280", "x": "0.819877", "y": "0.740431"}}, {"timestamp": 1.006844874998933, "userAcceleration": {"y": "0.578588", "x": "0.764464", "z": "0.393682"}, "attitude": {"roll": "0.496915", "pitch": "1.073352", "yaw": "2.808322"}}, {"userAcceleration": {"x": "0.827549", "y": "0.482965", "z": "0.543422"}, "timestamp": 1.0269818749984552, "attitude": {"roll": "0.489392", "yaw": "2.714423", "pitch": "0.972159"}}, {"timestamp": 1.0471188749979774, "attitude": {"yaw": "2.584130", "pitch": "0.892543", "roll": "0.506292"}, "userAcceleration": {"z": "0.464035", "x": "0.912973", "y": "0.349135"}}, {"timestamp": 1.0672558749974996, "attitude": {"roll": "0.525650", "pitch": "0.823674", "yaw": "2.441183"}, "userAcceleration": {"x": "1.044374", "y": "-0.364939", "z": "0.357766"}}, {"attitude": {"roll": "0.540186", "yaw": "2.294204", "pitch": "0.752713"}, "userAcceleration": {"z": "0.392596", "x": "0.965316", "y": "-0.673800"}, "timestamp": 1.0873928749970219}, {"attitude": {"roll": "0.545528", "pitch": "0.681917", "yaw": "2.147373"}, "userAcceleration": {"x": "0.978164", "y": "-0.568540", "z": "0.488585"}, "timestamp": 1.1075288749998435}, {"timestamp": 1.1276658749993658, "attitude": {"roll": "0.533998", "yaw": "2.009322", "pitch": "0.609770"}, "userAcceleration": {"y": "-0.729095", "z": "0.594825", "x": "1.177064"}}, {"attitude": {"yaw": "1.883641", "roll": "0.502567", "pitch": "0.529027"}, "timestamp": 1.147802874998888, "userAcceleration": {"y": "-1.086493", "x": "1.260088", "z": "0.671605"}}]