[{"attitude": {"pitch": "0.402569", "yaw": "-0.918875", "roll": "-0.808161"}, "userAcceleration": {"y": "-0.428407", "z": "-0.043414", "x": "-0.968556"}, "timestamp": 0.38260799999989104}, {"userAcceleration": {"y": "-0.506600", "x": "-1.105685", "z": "-0.049959"}, "timestamp": 0.40274500000123226, "attitude": {"pitch": "0.386133", "yaw": "-0.967754", "roll": "-0.843164"}}, {"userAcceleration": {"z": "-0.027542", "x": "-1.505934", "y": "-0.462362"}, "timestamp": 0.422883000001093, "attitude": {"roll": "-0.883911", "pitch": "0.363769", "yaw": "-1.000339"}}, {"timestamp": 0.44302000000061525, "attitude": {"roll": "-0.907485", "pitch": "0.335218", "yaw": "-1.010952"}, "userAcceleration": {"z": "0.123312", "x": "-1.715175", "y": "-0.646229"}}, {"timestamp": 0.4631570000001375, "attitude": {"roll": "-0.924079", "pitch": "0.296266", "yaw": "-1.012426"}, "userAcceleration": {"z": "0.246820", "x": "-1.525506", "y": "-1.038265"}}, {"attitude": {"yaw": "-1.003535", "roll": "-0.956650", "pitch": "0.243436"}, "timestamp": 0.4832939999996597, "userAcceleration": {"x": "-1.273542", "y": "-1.349385", "z": "0.039449"}}, {"attitude": {"pitch": "0.179067", "roll": "-1.011692", "yaw": "-0.986043"}, "userAcceleration": {"y": "-1.364796", "z": "0.001606", "x": "-1.103675"}, "timestamp": 0.5034320000013395}, {"attitude": {"pitch": "0.109785", "yaw": "-0.954196", "roll": "-1.077433"}, "userAcceleration": {"z": "0.163321", "x": "-1.158035", "y": "-1.425820"}, "timestamp": 0.5235690000008617}, {"timestamp": 0.5437060000003839, "userAcceleration": {"y": "-1.388154", "x": "-1.109660", "z": "0.181857"}, "attitude": {"yaw": "-0.896943", "roll": "-1.144138", "pitch": "0.044341"}}, {"attitude": {"roll": "-1.219653", "pitch": "-0.017203", "yaw": "-0.808656"}, "userAcceleration": {"z": "-0.012509", "y": "-1.234350", "x": "-0.777620"}, "timestamp": 0.5638429999999062}, {"attitude": {"yaw": "-0.727695", "roll": "-1.303414", "pitch": "-0.093101"}, "timestamp": 0.5839809999997669, "userAcceleration": {"z": "0.103700", "y": "-1.208583", "x": "-0.714363"}}, {"userAcceleration": {"z": "0.329958", "y": "-1.063048", "x": "-0.566152"}, "timestamp": 0.6041180000011082, "attitude": {"pitch": "-0.192220", "roll": "-1.392276", "yaw": "-0.664936"}}, {"userAcceleration": {"x": "-0.400188", "z": "0.354909", "y": "-1.248697"}, "timestamp": 0.6242550000006304, "attitude": {"pitch": "-0.311799", "roll": "-1.492364", "yaw": "-0.609560"}}, {"attitude": {"roll": "-1.610653", "yaw": "-0.551932", "pitch": "-0.438822"}, "userAcceleration": {"z": "0.338593", "x": "-0.063270", "y": "-0.803520"}, "timestamp": 0.6443920000001526}, {"timestamp": 0.6645300000000134, "attitude": {"roll": "-1.728338", "pitch": "-0.564004", "yaw": "-0.471439"}, "userAcceleration": {"x": "0.127914", "y": "-0.566389", "z": "0.865180"}}, {"userAcceleration": {"y": "-0.547063", "z": "1.207125", "x": "0.055089"}, "attitude": {"pitch": "-0.690222", "yaw": "-0.368958", "roll": "-1.838632"}, "timestamp": 0.6846670000013546}, {"userAcceleration": {"y": "-0.492796", "z": "1.801648", "x": "-0.066545"}, "attitude": {"yaw": "-0.240573", "pitch": "-0.797271", "roll": "-1.933912"}, "timestamp": 0.7048040000008768}, {"attitude": {"yaw": "-0.059453", "pitch": "-0.866223", "roll": "-1.985817"}, "userAcceleration": {"x": "-0.247944", "z": "2.324455", "y": "-0.681260"}, "timestamp": 0.7249410000003991}, {"userAcceleration": {"y": "-0.870761", "x": "-0.154517", "z": "2.841051"}, "timestamp": 0.7450790000002598, "attitude": {"pitch": "-0.871448", "roll": "-1.963181", "yaw": "0.194800"}}, {"timestamp": 0.7652159999997821, "attitude": {"roll": "-1.854082", "yaw": "0.470612", "pitch": "-0.768301"}, "userAcceleration": {"y": "-0.740325", "z": "3.502390", "x": "0.775758"}}, {"attitude": {"yaw": "0.800952", "roll": "-1.722461", "pitch": "-0.519651"}, "timestamp": 0.7853530000011233, "userAcceleration": {"z": "3.632456", "x": "4.992321", "y": "0.232335"}}, {"timestamp": 0.8054910000009841, "attitude": {"yaw": "1.114956", "roll": "-1.491296", "pitch": "-0.190108"}, "userAcceleration": {"z": "7.167311", "x": "5.571610", "y": "0.575821"}}, {"attitude": {"roll": "-1.225422", "pitch": "0.200620", "yaw": "1.226945"}, "timestamp": 0.8256280000005063, "userAcceleration": {"x": "10.396914", "y": "-2.564227", "z": "10.803255"}}, {"timestamp": 0.8457650000000285, "userAcceleration": {"y": "-5.200771", "z": "5.707867", "x": "13.160965"}, "attitude": {"pitch": "0.562189", "yaw": "1.085254", "roll": "-0.711242"}}, {"attitude": {"roll": "0.172560", "pitch": "0.630319", "yaw": "0.625323"}, "userAcceleration": {"z": "3.869236", "x": "13.174675", "y": "-4.090224"}, "timestamp": 0.8659020000013697}, {"timestamp": 0.8860400000012305, "attitude": {"pitch": "0.013063", "yaw": "0.558885", "roll": "0.715883"}, "userAcceleration": {"z": "14.495874", "x": "9.220710", "y": "-1.149215"}}, {"userAcceleration": {"z": "9.791632", "x": "6.655681", "y": "-9.796867"}, "attitude": {"pitch": "-0.323105", "yaw": "0.843973", "roll": "1.036873"}, "timestamp": 0.9061770000007527}, {"attitude": {"roll": "1.212421", "pitch": "-0.128541", "yaw": "1.026638"}, "timestamp": 0.9263135000001057, "userAcceleration": {"x": "10.444900", "z": "4.272145", "y": "7.884188"}}, {"timestamp": 0.9464504999996279, "userAcceleration": {"x": "3.885904", "z": "3.905742", "y": "1.395164"}, "attitude": {"pitch": "0.061661", "yaw": "1.125409", "roll": "1.411609"}}, {"timestamp": 0.9665885000013077, "attitude": {"yaw": "1.224043", "roll": "1.518832", "pitch": "0.171484"}, "userAcceleration": {"y": "-2.000360", "x": "8.081397", "z": "2.474779"}}, {"timestamp": 0.9867255000008299, "userAcceleration": {"z": "-0.296996", "x": "7.446993", "y": "1.541298"}, "attitude": {"pitch": "0.318636", "roll": "1.619676", "yaw": "1.223619"}}, {"attitude": {"yaw": "1.202276", "roll": "1.678315", "pitch": "0.446201"}, "userAcceleration": {"y": "1.009590", "z": "-0.261661", "x": "6.661084"}, "timestamp": 1.0068625000003522}, {"userAcceleration": {"z": "-1.135940", "x": "5.189550", "y": "2.118083"}, "attitude": {"roll": "1.739706", "pitch": "0.552845", "yaw": "1.156333"}, "timestamp": 1.0269994999998744}, {"attitude": {"pitch": "0.647234", "yaw": "1.118473", "roll": "1.798417"}, "timestamp": 1.0471374999997352, "userAcceleration": {"x": "4.925246", "y": "0.833237", "z": "-0.532607"}}, {"userAcceleration": {"z": "0.064663", "x": "5.145028", "y": "-0.147864"}, "attitude": {"pitch": "0.734157", "yaw": "1.118155", "roll": "1.820184"}, "timestamp": 1.0672745000010764}, {"userAcceleration": {"y": "0.328509", "z": "-0.086141", "x": "4.644994"}, "attitude": {"roll": "1.806947", "yaw": "1.141141", "pitch": "0.824637"}, "timestamp": 1.0874115000005986}, {"timestamp": 1.1075485000001208, "attitude": {"roll": "1.754743", "yaw": "1.172826", "pitch": "0.910217"}, "userAcceleration": {"y": "0.980693", "z": "-0.669740", "x": "4.012195"}}, {"attitude": {"roll": "1.714272", "yaw": "1.153967", "pitch": "0.980589"}, "userAcceleration": {"x": "2.963101", "y": "2.346786", "z": "-1.391831"}, "timestamp": 1.1276864999999816}, {"userAcceleration": {"x": "1.602549", "z": "-1.315866", "y": "2.382692"}, "timestamp": 1.1478235000013228, "attitude": {"pitch": "1.035723", "yaw": "1.070889", "roll": "1.725816"}}, {"userAcceleration": {"y": "1.352568", "z": "-0.615421", "x": "1.559746"}, "attitude": {"roll": "1.740493", "pitch": "1.077994", "yaw": "0.968570"}, "timestamp": 1.167960500000845}, {"timestamp": 1.1880975000003673, "userAcceleration": {"y": "0.233910", "z": "-0.227956", "x": "1.321780"}, "attitude": {"yaw": "0.884628", "pitch": "1.106070", "roll": "1.726000"}}, {"attitude": {"pitch": "1.126353", "roll": "1.667501", "yaw": "0.829669"}, "userAcceleration": {"z": "0.192754", "x": "1.127382", "y": "-0.101239"}, "timestamp": 1.208235500000228}, {"timestamp": 1.2283724999997503, "userAcceleration": {"y": "-0.034794", "z": "0.475903", "x": "0.798851"}, "attitude": {"pitch": "1.143762", "roll": "1.563215", "yaw": "0.808967"}}, {"attitude": {"pitch": "1.147556", "yaw": "0.828450", "roll": "1.412541"}, "userAcceleration": {"z": "0.572585", "x": "0.352426", "y": "-0.064479"}, "timestamp": 1.2485095000010915}, {"userAcceleration": {"x": "0.018636", "y": "-0.022561", "z": "0.640051"}, "timestamp": 1.2686465000006137, "attitude": {"roll": "1.224254", "pitch": "1.131178", "yaw": "0.885296"}}, {"attitude": {"roll": "1.023048", "yaw": "0.957776", "pitch": "1.098761"}, "timestamp": 1.2887845000004745, "userAcceleration": {"y": "0.157582", "z": "0.572379", "x": "-0.157983"}}, {"timestamp": 1.3089214999999967, "userAcceleration": {"x": "-0.299875", "z": "0.570701", "y": "0.102114"}, "attitude": {"yaw": "1.033366", "roll": "0.811447", "pitch": "1.047574"}}, {"userAcceleration": {"x": "-0.719957", "y": "0.242850", "z": "0.843863"}, "attitude": {"yaw": "1.083734", "roll": "0.626189", "pitch": "0.978466"}, "timestamp": 1.329058500001338}, {"attitude": {"pitch": "0.914042", "yaw": "1.107232", "roll": "0.506663"}, "userAcceleration": {"y": "0.641297", "z": "0.667696", "x": "-0.987439"}, "timestamp": 1.3491965000011987}, {"timestamp": 1.369333500000721, "attitude": {"yaw": "1.122825", "pitch": "0.854716", "roll": "0.417639"}, "userAcceleration": {"x": "-0.640580", "y": "0.761923", "z": "0.353704"}}]