[{"attitude": {"yaw": "0.045612", "pitch": "0.072694", "roll": "-1.120487"}, "userAcceleration": {"x": "-0.260146", "z": "0.098020", "y": "-1.366671"}, "timestamp": 0}, {"timestamp": 0.02013699999952223, "attitude": {"pitch": "0.007913", "roll": "-1.146825", "yaw": "0.053277"}, "userAcceleration": {"x": "-0.181477", "z": "0.004480", "y": "-1.343100"}}, {"timestamp": 0.040274999999383, "userAcceleration": {"z": "-0.077636", "x": "-0.143079", "y": "-1.355730"}, "attitude": {"roll": "-1.182662", "pitch": "-0.062130", "yaw": "0.061946"}}, {"attitude": {"roll": "-1.225705", "pitch": "-0.134301", "yaw": "0.072161"}, "userAcceleration": {"y": "-1.211916", "x": "-0.140687", "z": "-0.079010"}, "timestamp": 0.06041200000072422}, {"timestamp": 0.08054900000024645, "attitude": {"yaw": "0.077594", "roll": "-1.282922", "pitch": "-0.211828"}, "userAcceleration": {"z": "-0.131535", "x": "-0.143500", "y": "-1.079525"}}, {"attitude": {"pitch": "-0.294302", "roll": "-1.360942", "yaw": "0.082727"}, "timestamp": 0.10068700000010722, "userAcceleration": {"y": "-1.093783", "z": "-0.033107", "x": "-0.142329"}}, {"attitude": {"yaw": "0.099290", "roll": "-1.457060", "pitch": "-0.384048"}, "timestamp": 0.12082399999962945, "userAcceleration": {"x": "-0.093682", "y": "-0.972654", "z": "0.031372"}}, {"timestamp": 0.14096100000097067, "attitude": {"roll": "-1.559296", "pitch": "-0.478448", "yaw": "0.125738"}, "userAcceleration": {"x": "-0.100141", "y": "-0.768797", "z": "0.061967"}}, {"userAcceleration": {"z": "0.165019", "y": "-0.692501", "x": "-0.012279"}, "attitude": {"yaw": "0.154623", "roll": "-1.666305", "pitch": "-0.579224"}, "timestamp": 0.16109900000083144}, {"timestamp": 0.18123600000035367, "attitude": {"pitch": "-0.686312", "roll": "-1.777619", "yaw": "0.180590"}, "userAcceleration": {"z": "0.308642", "y": "-0.661399", "x": "0.153663"}}, {"timestamp": 0.2013729999998759, "attitude": {"roll": "-1.882498", "yaw": "0.245771", "pitch": "-0.814482"}, "userAcceleration": {"x": "0.329858", "z": "0.346138", "y": "-0.802718"}}, {"timestamp": 0.22151099999973667, "attitude": {"pitch": "-0.967503", "roll": "-1.974129", "yaw": "0.356065"}, "userAcceleration": {"z": "1.078803", "x": "0.395352", "y": "-0.442383"}}, {"userAcceleration": {"x": "0.374251", "y": "0.868767", "z": "2.094264"}, "attitude": {"roll": "-2.174785", "pitch": "-1.122229", "yaw": "0.407468"}, "timestamp": 0.2416479999992589}, {"timestamp": 0.26178525000068475, "attitude": {"roll": "-2.375198", "yaw": "0.472864", "pitch": "-1.275774"}, "userAcceleration": {"z": "2.285556", "x": "0.076946", "y": "1.932822"}}, {"attitude": {"yaw": "0.731743", "pitch": "-1.398157", "roll": "-2.354996"}, "timestamp": 0.281922250000207, "userAcceleration": {"y": "1.381122", "z": "3.837615", "x": "-0.349958"}}, {"attitude": {"yaw": "1.627472", "roll": "-1.724899", "pitch": "-1.417770"}, "timestamp": 0.30206025000006775, "userAcceleration": {"z": "3.791117", "y": "0.764280", "x": "0.035222"}}, {"attitude": {"pitch": "-1.241672", "roll": "-1.506929", "yaw": "2.080046"}, "timestamp": 0.32219724999959, "userAcceleration": {"y": "3.314340", "z": "3.592208", "x": "3.060943"}}, {"userAcceleration": {"y": "2.992723", "z": "2.783412", "x": "3.419714"}, "timestamp": 0.3423342500009312, "attitude": {"yaw": "2.328127", "roll": "-1.413261", "pitch": "-0.812749"}}, {"userAcceleration": {"y": "5.249472", "z": "2.648988", "x": "10.629846"}, "timestamp": 0.362472250000792, "attitude": {"yaw": "2.323787", "pitch": "-0.340910", "roll": "-1.503245"}}, {"timestamp": 0.3826092500003142, "attitude": {"yaw": "1.927217", "roll": "-1.404100", "pitch": "0.158919"}, "userAcceleration": {"x": "13.967074", "y": "-2.321226", "z": "1.094910"}}, {"timestamp": 0.40274624999983644, "userAcceleration": {"y": "-12.127752", "x": "15.285120", "z": "-3.190160"}, "attitude": {"yaw": "1.055368", "roll": "-0.604367", "pitch": "0.313981"}}, {"attitude": {"pitch": "-0.214678", "yaw": "0.512643", "roll": "-0.375925"}, "timestamp": 0.4228842499996972, "userAcceleration": {"x": "1.803652", "z": "5.139544", "y": "-13.966191"}}, {"userAcceleration": {"x": "1.964433", "y": "-4.492387", "z": "15.578761"}, "attitude": {"yaw": "0.610413", "pitch": "-0.546500", "roll": "-0.029243"}, "timestamp": 0.44302124999921944}, {"attitude": {"yaw": "0.931185", "roll": "0.603744", "pitch": "-1.067139"}, "userAcceleration": {"y": "5.837433", "z": "17.628862", "x": "0.517302"}, "timestamp": 0.46315825000056066}, {"userAcceleration": {"y": "1.207946", "x": "15.778744", "z": "10.291072"}, "timestamp": 0.4832962500004214, "attitude": {"pitch": "-1.036230", "yaw": "1.603965", "roll": "1.137235"}}, {"userAcceleration": {"y": "8.702245", "x": "3.595967", "z": "3.203991"}, "timestamp": 0.5034332499999437, "attitude": {"yaw": "1.883429", "roll": "1.399868", "pitch": "-0.832481"}}, {"attitude": {"pitch": "-0.621798", "roll": "1.456014", "yaw": "1.845633"}, "timestamp": 0.5235702499994659, "userAcceleration": {"x": "2.932339", "y": "7.138434", "z": "-0.778793"}}, {"userAcceleration": {"x": "3.640440", "y": "3.450940", "z": "-0.265855"}, "attitude": {"pitch": "-0.428593", "yaw": "1.766798", "roll": "1.457636"}, "timestamp": 0.5437072500008071}, {"userAcceleration": {"y": "2.490479", "z": "-0.233633", "x": "3.387754"}, "attitude": {"pitch": "-0.230270", "yaw": "1.685538", "roll": "1.437030"}, "timestamp": 0.5638452500006679}, {"timestamp": 0.5839822500001901, "userAcceleration": {"y": "1.691675", "x": "3.082595", "z": "0.513365"}, "attitude": {"roll": "1.410205", "pitch": "-0.035032", "yaw": "1.606092"}}, {"userAcceleration": {"z": "0.121396", "x": "2.100128", "y": "0.838250"}, "timestamp": 0.6041192499997123, "attitude": {"pitch": "0.131183", "yaw": "1.517901", "roll": "1.424837"}}, {"userAcceleration": {"y": "0.920218", "x": "1.638489", "z": "-0.467361"}, "timestamp": 0.6242572499995731, "attitude": {"roll": "1.507400", "pitch": "0.282766", "yaw": "1.408187"}}, {"timestamp": 0.6443942500009143, "userAcceleration": {"y": "0.421110", "z": "-0.273014", "x": "1.851702"}, "attitude": {"yaw": "1.294229", "roll": "1.613187", "pitch": "0.415240"}}, {"attitude": {"pitch": "0.521438", "yaw": "1.203149", "roll": "1.692987"}, "userAcceleration": {"x": "1.936724", "z": "-0.272009", "y": "-0.466274"}, "timestamp": 0.6645312500004366}, {"timestamp": 0.6846692500002973, "attitude": {"yaw": "1.120081", "pitch": "0.598901", "roll": "1.736856"}, "userAcceleration": {"x": "1.930600", "y": "-0.906541", "z": "-0.507012"}}, {"userAcceleration": {"x": "1.603483", "y": "-0.799057", "z": "-0.913576"}, "timestamp": 0.7048062499998196, "attitude": {"pitch": "0.662915", "yaw": "1.036355", "roll": "1.767632"}}, {"attitude": {"yaw": "0.952400", "roll": "1.793770", "pitch": "0.720248"}, "timestamp": 0.7249432499993418, "userAcceleration": {"x": "1.252973", "y": "-0.538977", "z": "-1.142957"}}, {"timestamp": 0.745080250000683, "attitude": {"pitch": "0.771578", "yaw": "0.871867", "roll": "1.813003"}, "userAcceleration": {"x": "0.837513", "z": "-1.125690", "y": "-0.287428"}}, {"attitude": {"pitch": "0.815101", "yaw": "0.796339", "roll": "1.824308"}, "userAcceleration": {"x": "0.480168", "y": "-0.103367", "z": "-1.044804"}, "timestamp": 0.7652182500005438}, {"userAcceleration": {"z": "-0.954254", "x": "0.157639", "y": "0.070867"}, "timestamp": 0.785355250000066, "attitude": {"yaw": "0.731740", "roll": "1.826255", "pitch": "0.852371"}}, {"timestamp": 0.8054922499995882, "userAcceleration": {"x": "-0.077735", "y": "0.071676", "z": "-0.842836"}, "attitude": {"yaw": "0.681341", "roll": "1.816602", "pitch": "0.882259"}}, {"timestamp": 0.825630249999449, "attitude": {"pitch": "0.907929", "yaw": "0.649153", "roll": "1.787706"}, "userAcceleration": {"y": "0.092751", "z": "-0.714255", "x": "-0.200660"}}, {"timestamp": 0.8457672500007902, "attitude": {"pitch": "0.933028", "yaw": "0.632301", "roll": "1.740335"}, "userAcceleration": {"x": "-0.220138", "z": "-0.583463", "y": "0.104254"}}, {"attitude": {"roll": "1.679942", "yaw": "0.628261", "pitch": "0.953709"}, "userAcceleration": {"x": "-0.279473", "y": "0.066559", "z": "-0.533004"}, "timestamp": 0.8659042500003125}, {"timestamp": 0.8860422500001732, "attitude": {"yaw": "0.626493", "pitch": "0.973825", "roll": "1.617133"}, "userAcceleration": {"x": "-0.318357", "y": "0.136231", "z": "-0.470969"}}, {"userAcceleration": {"y": "0.251681", "z": "-0.388199", "x": "-0.329518"}, "timestamp": 0.9061792499996955, "attitude": {"pitch": "0.997564", "yaw": "0.624265", "roll": "1.557263"}}, {"timestamp": 0.9263162499992177, "userAcceleration": {"x": "-0.307183", "y": "0.095910", "z": "-0.283794"}, "attitude": {"pitch": "1.021425", "roll": "1.501065", "yaw": "0.622401"}}, {"userAcceleration": {"x": "-0.232130", "y": "0.106641", "z": "-0.187303"}, "timestamp": 0.9464542500008974, "attitude": {"pitch": "1.049153", "roll": "1.447451", "yaw": "0.619137"}}, {"userAcceleration": {"y": "0.004994", "z": "-0.121488", "x": "-0.256482"}, "timestamp": 0.9665912500004197, "attitude": {"roll": "1.385691", "pitch": "1.079621", "yaw": "0.627101"}}, {"attitude": {"pitch": "1.106018", "yaw": "0.660331", "roll": "1.299117"}, "timestamp": 0.9867282499999419, "userAcceleration": {"y": "-0.457947", "x": "-0.162040", "z": "-0.005528"}}]