[{"attitude": {"roll": "-0.682507", "pitch": "0.415537", "yaw": "-1.963426"}, "timestamp": 0.3826020000014978, "userAcceleration": {"z": "-0.616475", "x": "0.141456", "y": "-1.351339"}}, {"attitude": {"pitch": "0.370176", "yaw": "-1.994052", "roll": "-0.836387"}, "userAcceleration": {"y": "-1.527243", "z": "-0.473496", "x": "0.062190"}, "timestamp": 0.40273900000102003}, {"timestamp": 0.42287600000054226, "attitude": {"pitch": "0.338660", "yaw": "-2.025334", "roll": "-0.972186"}, "userAcceleration": {"y": "-1.437720", "x": "0.022986", "z": "-0.386953"}}, {"attitude": {"yaw": "-2.041775", "roll": "-1.101462", "pitch": "0.315727"}, "userAcceleration": {"z": "-0.192637", "x": "0.139259", "y": "-1.317803"}, "timestamp": 0.4430130000000645}, {"timestamp": 0.4631499999995867, "attitude": {"pitch": "0.294018", "yaw": "-2.042331", "roll": "-1.224938"}, "userAcceleration": {"z": "0.040735", "y": "-1.285486", "x": "0.272743"}}, {"attitude": {"pitch": "0.271397", "yaw": "-2.016701", "roll": "-1.345946"}, "userAcceleration": {"z": "0.186494", "x": "0.373885", "y": "-1.245228"}, "timestamp": 0.48328699999910896}, {"attitude": {"yaw": "-1.964552", "roll": "-1.468313", "pitch": "0.241960"}, "userAcceleration": {"y": "-1.036273", "z": "0.115818", "x": "0.398699"}, "timestamp": 0.5034239999986312}, {"attitude": {"pitch": "0.197616", "yaw": "-1.890720", "roll": "-1.590400"}, "userAcceleration": {"z": "-0.078547", "x": "0.524477", "y": "-1.167041"}, "timestamp": 0.5235610000017914}, {"timestamp": 0.5436980000013136, "attitude": {"roll": "-1.713335", "yaw": "-1.801099", "pitch": "0.135346"}, "userAcceleration": {"z": "0.041509", "y": "-1.051148", "x": "0.612688"}}, {"timestamp": 0.5638350000008359, "attitude": {"pitch": "0.053906", "yaw": "-1.705621", "roll": "-1.835953"}, "userAcceleration": {"z": "0.217476", "x": "0.711269", "y": "-1.255996"}}, {"timestamp": 0.5839720000003581, "attitude": {"roll": "-1.958145", "pitch": "-0.039292", "yaw": "-1.627736"}, "userAcceleration": {"y": "-1.541067", "x": "0.796949", "z": "0.126783"}}, {"userAcceleration": {"x": "0.674330", "y": "-1.592477", "z": "-0.224927"}, "timestamp": 0.6041089999998803, "attitude": {"yaw": "-1.560730", "roll": "-2.086898", "pitch": "-0.136479"}}, {"userAcceleration": {"x": "0.642750", "y": "-1.314082", "z": "-0.402561"}, "timestamp": 0.6242459999994026, "attitude": {"pitch": "-0.236069", "yaw": "-1.489635", "roll": "-2.232375"}}, {"attitude": {"pitch": "-0.349938", "yaw": "-1.407884", "roll": "-2.393006"}, "timestamp": 0.6443820000022242, "userAcceleration": {"x": "0.386074", "z": "-0.352281", "y": "-1.178319"}}, {"timestamp": 0.6645190000017465, "attitude": {"yaw": "-1.308521", "pitch": "-0.498105", "roll": "-2.567398"}, "userAcceleration": {"z": "0.149326", "x": "0.177965", "y": "-0.988046"}}, {"attitude": {"yaw": "-1.207525", "pitch": "-0.693868", "roll": "-2.760604"}, "timestamp": 0.6846580000019458, "userAcceleration": {"z": "1.194701", "y": "-1.194508", "x": "0.298389"}}, {"timestamp": 0.704795000001468, "userAcceleration": {"x": "0.529441", "z": "3.145644", "y": "-1.388492"}, "attitude": {"roll": "-2.988246", "yaw": "-1.144171", "pitch": "-0.892720"}}, {"userAcceleration": {"z": "4.982678", "x": "0.422402", "y": "-0.466529"}, "timestamp": 0.7249320000009902, "attitude": {"yaw": "-1.039924", "roll": "3.106130", "pitch": "-1.001012"}}, {"attitude": {"yaw": "-0.615391", "pitch": "-1.017320", "roll": "-3.016811"}, "userAcceleration": {"z": "6.658966", "x": "-0.272820", "y": "2.517385"}, "timestamp": 0.7450690000005125}, {"userAcceleration": {"y": "3.538527", "x": "2.666643", "z": "7.427476"}, "timestamp": 0.7652060000000347, "attitude": {"yaw": "0.198753", "roll": "-2.365988", "pitch": "-0.944775"}}, {"userAcceleration": {"x": "11.770505", "y": "0.496051", "z": "10.074523"}, "attitude": {"yaw": "0.787292", "roll": "-1.839006", "pitch": "-0.590021"}, "timestamp": 0.7853429999995569}, {"userAcceleration": {"y": "-4.542877", "x": "16.230949", "z": "6.989376"}, "timestamp": 0.8054799999990792, "attitude": {"yaw": "0.878224", "roll": "-1.406482", "pitch": "-0.060125"}}, {"attitude": {"yaw": "0.601371", "roll": "-0.712085", "pitch": "0.215210"}, "userAcceleration": {"x": "19.999989", "z": "8.877310", "y": "-8.563120"}, "timestamp": 0.8256170000022394}, {"userAcceleration": {"y": "-6.656541", "z": "10.140616", "x": "24.016464"}, "attitude": {"roll": "0.007192", "pitch": "0.075740", "yaw": "0.314954"}, "timestamp": 0.8457540000017616}, {"timestamp": 0.8658910000012838, "userAcceleration": {"x": "20.563309", "z": "10.198269", "y": "-6.701033"}, "attitude": {"pitch": "-0.501501", "yaw": "0.361760", "roll": "0.468506"}}, {"userAcceleration": {"x": "14.343583", "y": "7.760667", "z": "10.390220"}, "timestamp": 0.8860280000008061, "attitude": {"pitch": "-0.523544", "yaw": "0.805338", "roll": "0.863398"}}, {"attitude": {"pitch": "-0.226921", "yaw": "1.005913", "roll": "1.065981"}, "userAcceleration": {"x": "6.820896", "y": "-7.898120", "z": "-1.403203"}, "timestamp": 0.9061650000003283}, {"attitude": {"roll": "1.157086", "yaw": "1.128983", "pitch": "0.079478"}, "userAcceleration": {"y": "-1.022824", "x": "11.733327", "z": "2.278197"}, "timestamp": 0.9263019999998505}, {"timestamp": 0.9464389999993728, "userAcceleration": {"x": "7.413084", "z": "-0.274946", "y": "-0.612793"}, "attitude": {"yaw": "1.218414", "roll": "1.248514", "pitch": "0.300348"}}, {"userAcceleration": {"x": "8.814240", "y": "0.207664", "z": "-0.885327"}, "timestamp": 0.9665750000021944, "attitude": {"pitch": "0.498503", "roll": "1.332012", "yaw": "1.207573"}}, {"userAcceleration": {"z": "-1.609250", "x": "7.510846", "y": "0.545432"}, "timestamp": 0.9867120000017167, "attitude": {"pitch": "0.693791", "yaw": "1.041697", "roll": "1.480187"}}, {"userAcceleration": {"x": "6.971830", "y": "-0.752245", "z": "-1.638755"}, "timestamp": 1.006849000001239, "attitude": {"pitch": "0.833620", "roll": "1.778757", "yaw": "0.711828"}}, {"attitude": {"yaw": "0.398249", "roll": "2.080085", "pitch": "0.897299"}, "userAcceleration": {"x": "6.505847", "z": "-2.000740", "y": "-2.183504"}, "timestamp": 1.0269860000007611}, {"userAcceleration": {"x": "5.074962", "z": "-3.113488", "y": "-1.752442"}, "timestamp": 1.0471230000002834, "attitude": {"pitch": "0.942094", "roll": "2.314228", "yaw": "0.168309"}}, {"userAcceleration": {"z": "-3.654006", "x": "4.404080", "y": "-1.028800"}, "timestamp": 1.0672599999998056, "attitude": {"yaw": "-0.004010", "roll": "2.492963", "pitch": "1.014770"}}, {"userAcceleration": {"x": "3.560531", "y": "-0.156313", "z": "-3.628642"}, "timestamp": 1.0873969999993278, "attitude": {"roll": "2.656933", "yaw": "-0.172658", "pitch": "1.088349"}}, {"attitude": {"roll": "2.842595", "pitch": "1.137370", "yaw": "-0.375979"}, "userAcceleration": {"y": "0.921372", "z": "-2.993253", "x": "2.480445"}, "timestamp": 1.10753399999885}, {"userAcceleration": {"x": "1.620148", "y": "0.697560", "z": "-1.929228"}, "timestamp": 1.1276710000020103, "attitude": {"roll": "2.975991", "yaw": "-0.542092", "pitch": "1.184929"}}, {"attitude": {"pitch": "1.272406", "yaw": "-0.628469", "roll": "3.017941"}, "userAcceleration": {"z": "-0.815388", "y": "0.721543", "x": "1.133785"}, "timestamp": 1.1478080000015325}, {"attitude": {"yaw": "-0.535859", "roll": "2.876757", "pitch": "1.423233"}, "timestamp": 1.1679450000010547, "userAcceleration": {"z": "0.112659", "x": "0.830900", "y": "0.736279"}}, {"timestamp": 1.188082000000577, "userAcceleration": {"z": "0.602228", "y": "0.776624", "x": "0.895964"}, "attitude": {"roll": "0.773882", "yaw": "1.508471", "pitch": "1.484976"}}, {"timestamp": 1.2082190000000992, "attitude": {"pitch": "1.314978", "roll": "0.359871", "yaw": "1.850167"}, "userAcceleration": {"y": "0.882633", "x": "1.059406", "z": "0.384747"}}, {"attitude": {"pitch": "1.201499", "yaw": "1.781597", "roll": "0.341931"}, "timestamp": 1.2283559999996214, "userAcceleration": {"z": "0.214133", "x": "1.129959", "y": "0.661112"}}, {"timestamp": 1.2484929999991436, "attitude": {"yaw": "1.661604", "roll": "0.361385", "pitch": "1.126153"}, "userAcceleration": {"z": "0.471490", "x": "1.314317", "y": "-0.140678"}}, {"userAcceleration": {"x": "1.496339", "y": "-0.861740", "z": "0.824830"}, "timestamp": 1.2686299999986659, "attitude": {"roll": "0.360789", "pitch": "1.044281", "yaw": "1.549573"}}, {"attitude": {"yaw": "1.436093", "pitch": "0.966106", "roll": "0.348078"}, "timestamp": 1.2887660000014876, "userAcceleration": {"x": "1.493801", "z": "0.733251", "y": "-0.736907"}}, {"userAcceleration": {"y": "-0.489819", "z": "0.631639", "x": "1.549895"}, "attitude": {"yaw": "1.305715", "pitch": "0.919362", "roll": "0.332870"}, "timestamp": 1.3089030000010098}, {"userAcceleration": {"y": "-0.527640", "z": "0.827362", "x": "1.615551"}, "attitude": {"roll": "0.310665", "yaw": "1.162269", "pitch": "0.892073"}, "timestamp": 1.329040000000532}, {"timestamp": 1.3491770000000542, "attitude": {"roll": "0.275580", "pitch": "0.854764", "yaw": "1.016807"}, "userAcceleration": {"y": "-0.813074", "z": "1.120521", "x": "1.712352"}}, {"userAcceleration": {"x": "1.777354", "y": "-1.085958", "z": "1.196858"}, "timestamp": 1.3693139999995765, "attitude": {"pitch": "0.792016", "roll": "0.230353", "yaw": "0.869403"}}]