[{"attitude": {"yaw": "-2.574260", "roll": "-1.264546", "pitch": "0.247627"}, "userAcceleration": {"z": "0.227531", "x": "0.143274", "y": "-0.803037"}, "timestamp": 1.409605750000992}, {"attitude": {"roll": "-1.299855", "pitch": "0.220328", "yaw": "-2.577420"}, "timestamp": 1.4297427500005142, "userAcceleration": {"z": "0.169692", "x": "0.073848", "y": "-0.900073"}}, {"timestamp": 1.449880750000375, "attitude": {"roll": "-1.329934", "pitch": "0.194866", "yaw": "-2.589388"}, "userAcceleration": {"y": "-1.073333", "x": "0.019556", "z": "0.140459"}}, {"attitude": {"yaw": "-2.597709", "roll": "-1.359052", "pitch": "0.173285"}, "userAcceleration": {"y": "-1.034368", "z": "0.053667", "x": "-0.065357"}, "timestamp": 1.4700177499998972}, {"attitude": {"yaw": "-2.593064", "pitch": "0.150079", "roll": "-1.388062"}, "timestamp": 1.4901547500012384, "userAcceleration": {"x": "-0.354836", "y": "-0.901860", "z": "0.011936"}}, {"timestamp": 1.5102917500007607, "attitude": {"pitch": "0.118287", "yaw": "-2.581421", "roll": "-1.425988"}, "userAcceleration": {"x": "-0.544359", "y": "-1.246872", "z": "0.241134"}}, {"userAcceleration": {"z": "0.336402", "x": "-0.624292", "y": "-1.232593"}, "timestamp": 1.5304297500006214, "attitude": {"pitch": "0.081247", "roll": "-1.469714", "yaw": "-2.564115"}}, {"attitude": {"pitch": "0.039634", "yaw": "-2.532762", "roll": "-1.518484"}, "timestamp": 1.55056712500118, "userAcceleration": {"z": "0.379381", "y": "-0.997348", "x": "-0.772996"}}, {"timestamp": 1.5707041250007023, "userAcceleration": {"z": "0.370781", "x": "-0.933003", "y": "-0.871511"}, "attitude": {"pitch": "-0.009710", "yaw": "-2.476753", "roll": "-1.573169"}}, {"timestamp": 1.5908411250002246, "userAcceleration": {"z": "0.571111", "x": "-1.081391", "y": "-0.816348"}, "attitude": {"roll": "-1.619467", "yaw": "-2.407762", "pitch": "-0.074259"}}, {"timestamp": 1.6109791250000853, "attitude": {"yaw": "-2.333205", "roll": "-1.650939", "pitch": "-0.151947"}, "userAcceleration": {"x": "-1.192643", "y": "-1.137814", "z": "0.460004"}}, {"timestamp": 1.6311161249996076, "userAcceleration": {"z": "0.224849", "y": "-1.510435", "x": "-0.871081"}, "attitude": {"pitch": "-0.254349", "yaw": "-2.246499", "roll": "-1.681848"}}, {"timestamp": 1.6512531250009488, "userAcceleration": {"y": "-1.444613", "z": "0.277799", "x": "-0.487578"}, "attitude": {"pitch": "-0.383709", "roll": "-1.729352", "yaw": "-2.152681"}}, {"attitude": {"roll": "-1.792916", "yaw": "-2.059601", "pitch": "-0.536190"}, "timestamp": 1.671390125000471, "userAcceleration": {"x": "-0.398778", "y": "-1.339646", "z": "0.459621"}}, {"attitude": {"yaw": "-1.951238", "roll": "-1.868240", "pitch": "-0.710837"}, "userAcceleration": {"z": "0.618218", "y": "-1.136690", "x": "-0.320871"}, "timestamp": 1.6915271249999932}, {"attitude": {"pitch": "-0.907955", "yaw": "-1.771949", "roll": "-1.904683"}, "timestamp": 1.711665124999854, "userAcceleration": {"y": "-0.815026", "z": "0.919262", "x": "-0.196471"}}, {"attitude": {"roll": "-1.774126", "pitch": "-1.123396", "yaw": "-1.419578"}, "userAcceleration": {"z": "1.906735", "y": "-0.364603", "x": "-0.000651"}, "timestamp": 1.7318021250011952}, {"attitude": {"pitch": "-1.273633", "roll": "-1.528624", "yaw": "-0.950688"}, "userAcceleration": {"y": "1.369375", "x": "-0.213326", "z": "3.870072"}, "timestamp": 1.7519391250007175}, {"timestamp": 1.7720761250002397, "attitude": {"roll": "-1.180457", "pitch": "-1.312164", "yaw": "-0.382057"}, "userAcceleration": {"z": "4.095989", "x": "-0.308981", "y": "1.558208"}}, {"attitude": {"yaw": "-0.082134", "roll": "-1.131535", "pitch": "-1.202674"}, "timestamp": 1.7922141250001005, "userAcceleration": {"x": "0.301729", "z": "4.926081", "y": "0.446725"}}, {"attitude": {"roll": "-1.238543", "pitch": "-0.841645", "yaw": "0.075624"}, "userAcceleration": {"y": "0.971896", "z": "5.021417", "x": "8.170740"}, "timestamp": 1.8123511249996227}, {"attitude": {"roll": "-1.293892", "yaw": "0.179728", "pitch": "-0.354259"}, "userAcceleration": {"z": "2.550867", "x": "9.194687", "y": "5.961699"}, "timestamp": 1.832488125000964}, {"userAcceleration": {"z": "5.189048", "x": "16.884251", "y": "-2.434622"}, "timestamp": 1.8526251250004862, "attitude": {"yaw": "-0.122982", "roll": "-1.367863", "pitch": "0.175051"}}, {"userAcceleration": {"y": "-15.287978", "z": "-3.056599", "x": "17.692719"}, "timestamp": 1.8727621250000084, "attitude": {"yaw": "-1.031863", "pitch": "0.402239", "roll": "-0.583935"}}, {"userAcceleration": {"z": "9.222353", "x": "0.945602", "y": "-13.721785"}, "timestamp": 1.8929001249998691, "attitude": {"roll": "-0.176133", "pitch": "-0.134990", "yaw": "-1.690323"}}, {"timestamp": 1.9130371250012104, "userAcceleration": {"x": "1.809051", "y": "-4.362568", "z": "21.780104"}, "attitude": {"pitch": "-0.564101", "yaw": "-1.662807", "roll": "0.215209"}}, {"timestamp": 1.9331741250007326, "attitude": {"yaw": "-1.189254", "roll": "0.904199", "pitch": "-1.009725"}, "userAcceleration": {"z": "16.941824", "x": "6.972254", "y": "20.665766"}}, {"userAcceleration": {"y": "-3.462538", "z": "12.943609", "x": "9.954106"}, "attitude": {"pitch": "-0.910695", "roll": "1.275729", "yaw": "-0.684274"}, "timestamp": 1.9533111250002548}, {"attitude": {"roll": "1.484274", "pitch": "-0.709697", "yaw": "-0.443237"}, "timestamp": 1.973448124999777, "userAcceleration": {"z": "2.885085", "x": "5.483231", "y": "11.787132"}}, {"attitude": {"pitch": "-0.528615", "roll": "1.532269", "yaw": "-0.444368"}, "userAcceleration": {"x": "4.153873", "y": "5.030208", "z": "0.007687"}, "timestamp": 1.9935861249996378}, {"userAcceleration": {"x": "4.550495", "y": "3.948872", "z": "-0.320728"}, "attitude": {"pitch": "-0.352252", "yaw": "-0.508550", "roll": "1.548559"}, "timestamp": 2.013723125000979}, {"attitude": {"yaw": "-0.590491", "roll": "1.599121", "pitch": "-0.177253"}, "userAcceleration": {"z": "-0.263321", "x": "3.823390", "y": "2.588597"}, "timestamp": 2.0338601250005013}, {"userAcceleration": {"x": "3.704742", "y": "2.002326", "z": "-0.175124"}, "attitude": {"yaw": "-0.692700", "roll": "1.693636", "pitch": "-0.008112"}, "timestamp": 2.0539971250000235}, {"attitude": {"pitch": "0.137893", "yaw": "-0.809663", "roll": "1.812783"}, "timestamp": 2.0741351249998843, "userAcceleration": {"y": "1.276357", "x": "3.308753", "z": "0.144998"}}, {"timestamp": 2.0942721250012255, "attitude": {"pitch": "0.245586", "roll": "1.923563", "yaw": "-0.910130"}, "userAcceleration": {"y": "0.246375", "z": "0.113174", "x": "3.324249"}}, {"attitude": {"yaw": "-0.980023", "pitch": "0.328678", "roll": "2.012306"}, "userAcceleration": {"y": "-0.146705", "z": "-0.445523", "x": "3.451937"}, "timestamp": 2.1144091250007477}, {"userAcceleration": {"x": "3.138199", "z": "-0.942252", "y": "-0.232316"}, "attitude": {"roll": "2.083048", "yaw": "-1.021822", "pitch": "0.413441"}, "timestamp": 2.13454612500027}, {"userAcceleration": {"y": "-0.137024", "z": "-1.050812", "x": "2.993670"}, "attitude": {"yaw": "-1.036943", "roll": "2.122621", "pitch": "0.506748"}, "timestamp": 2.154683124999792}, {"timestamp": 2.174821124999653, "attitude": {"pitch": "0.602073", "roll": "2.126522", "yaw": "-1.041268"}, "userAcceleration": {"y": "0.353248", "z": "-1.191617", "x": "2.696938"}}, {"userAcceleration": {"y": "0.978624", "z": "-1.207199", "x": "2.185778"}, "attitude": {"roll": "2.111484", "pitch": "0.695174", "yaw": "-1.061438"}, "timestamp": 2.194958125000994}, {"attitude": {"roll": "2.098584", "pitch": "0.779243", "yaw": "-1.100792"}, "timestamp": 2.2150951250005164, "userAcceleration": {"y": "1.075117", "x": "1.373235", "z": "-1.120538"}}, {"timestamp": 2.2352321250000386, "userAcceleration": {"x": "0.839581", "y": "0.962613", "z": "-0.829370"}, "attitude": {"yaw": "-1.158716", "pitch": "0.854006", "roll": "2.094236"}}, {"userAcceleration": {"y": "0.729770", "x": "0.462793", "z": "-0.485316"}, "attitude": {"pitch": "0.923906", "roll": "2.089349", "yaw": "-1.224950"}, "timestamp": 2.2553701249998994}, {"userAcceleration": {"x": "0.298301", "y": "0.544076", "z": "-0.252296"}, "attitude": {"yaw": "-1.289971", "roll": "2.077696", "pitch": "0.997968"}, "timestamp": 2.2755071250012406}, {"attitude": {"pitch": "1.066122", "roll": "2.067161", "yaw": "-1.355906"}, "timestamp": 2.295644125000763, "userAcceleration": {"y": "0.424969", "z": "-0.259596", "x": "0.117386"}}, {"timestamp": 2.315781125000285, "userAcceleration": {"z": "-0.329988", "y": "0.497969", "x": "-0.003368"}, "attitude": {"roll": "2.079838", "pitch": "1.120136", "yaw": "-1.439941"}}, {"attitude": {"roll": "2.097031", "yaw": "-1.523619", "pitch": "1.167799"}, "timestamp": 2.3359181249998073, "userAcceleration": {"x": "-0.111701", "z": "-0.222328", "y": "0.536039"}}, {"userAcceleration": {"x": "-0.124538", "y": "0.477961", "z": "-0.102332"}, "timestamp": 2.356056124999668, "attitude": {"yaw": "-1.593394", "roll": "2.096625", "pitch": "1.212174"}}, {"attitude": {"pitch": "1.252622", "yaw": "-1.675465", "roll": "2.104582"}, "timestamp": 2.3761931250010093, "userAcceleration": {"x": "-0.090558", "z": "-0.201756", "y": "0.535303"}}, {"userAcceleration": {"y": "0.551605", "x": "-0.198554", "z": "-0.366146"}, "attitude": {"pitch": "1.286916", "yaw": "-1.776561", "roll": "2.143226"}, "timestamp": 2.3963301250005316}]