[{"attitude": {"pitch": "0.127929", "roll": "-0.884008", "yaw": "-1.546812"}, "timestamp": 0.5839820000001055, "userAcceleration": {"x": "0.154464", "y": "-0.242460", "z": "-0.622604"}}, {"timestamp": 0.6041199999999662, "attitude": {"roll": "-0.888499", "yaw": "-1.620077", "pitch": "0.106438"}, "userAcceleration": {"x": "0.112280", "y": "-0.230280", "z": "-0.624670"}}, {"userAcceleration": {"x": "0.037371", "y": "-0.270028", "z": "-0.608557"}, "attitude": {"yaw": "-1.689655", "pitch": "0.094185", "roll": "-0.896349"}, "timestamp": 0.6242569999994885}, {"attitude": {"pitch": "0.092150", "yaw": "-1.751557", "roll": "-0.910720"}, "userAcceleration": {"y": "-0.395926", "z": "-0.595906", "x": "-0.043301"}, "timestamp": 0.6443939999990107}, {"userAcceleration": {"y": "-0.684922", "x": "-0.042888", "z": "-0.651900"}, "timestamp": 0.6645309999985329, "attitude": {"roll": "-0.935864", "yaw": "-1.811021", "pitch": "0.092691"}}, {"timestamp": 0.6846689999983937, "attitude": {"pitch": "0.097245", "yaw": "-1.864081", "roll": "-0.977157"}, "userAcceleration": {"x": "-0.116183", "z": "-0.633218", "y": "-0.829803"}}, {"userAcceleration": {"x": "-0.413210", "z": "-0.440392", "y": "-0.805033"}, "timestamp": 0.7048059999979159, "attitude": {"pitch": "0.110260", "roll": "-1.036449", "yaw": "-1.901779"}}, {"timestamp": 0.7249429999974382, "attitude": {"yaw": "-1.915169", "roll": "-1.114171", "pitch": "0.134078"}, "userAcceleration": {"z": "-0.225862", "y": "-0.817572", "x": "-0.544729"}}, {"userAcceleration": {"y": "-0.874105", "z": "-0.156776", "x": "-0.570586"}, "timestamp": 0.7450812916649738, "attitude": {"yaw": "-1.899973", "roll": "-1.216097", "pitch": "0.164075"}}, {"timestamp": 0.7652182916644961, "userAcceleration": {"y": "-0.914358", "x": "-0.624069", "z": "0.036608"}, "attitude": {"yaw": "-1.854605", "roll": "-1.346214", "pitch": "0.193242"}}, {"timestamp": 0.7853552916640183, "userAcceleration": {"y": "-1.028419", "x": "-0.441960", "z": "0.212318"}, "attitude": {"pitch": "0.213822", "yaw": "-1.781163", "roll": "-1.503988"}}, {"userAcceleration": {"x": "-0.217900", "y": "-1.312593", "z": "0.174842"}, "attitude": {"pitch": "0.216390", "roll": "-1.688374", "yaw": "-1.672846"}, "timestamp": 0.8054932916638791}, {"timestamp": 0.8256302916634013, "attitude": {"roll": "-1.893039", "yaw": "-1.539166", "pitch": "0.187250"}, "userAcceleration": {"y": "-1.656417", "z": "0.291030", "x": "-0.040511"}}, {"userAcceleration": {"z": "0.362575", "y": "-1.617841", "x": "-0.091414"}, "timestamp": 0.8457672916665615, "attitude": {"pitch": "0.117399", "yaw": "-1.394441", "roll": "-2.107554"}}, {"attitude": {"roll": "-2.324147", "pitch": "0.003345", "yaw": "-1.250993"}, "userAcceleration": {"x": "-0.321888", "y": "-1.635128", "z": "0.610519"}, "timestamp": 0.8659052916664223}, {"attitude": {"yaw": "-1.111862", "roll": "-2.539893", "pitch": "-0.159203"}, "userAcceleration": {"x": "-0.643553", "z": "1.013519", "y": "-1.670632"}, "timestamp": 0.8860422916659445}, {"userAcceleration": {"z": "1.631838", "y": "-1.753602", "x": "-0.926669"}, "attitude": {"yaw": "-0.977896", "roll": "-2.751821", "pitch": "-0.370789"}, "timestamp": 0.9061792916654667}, {"timestamp": 0.9263172916653275, "attitude": {"yaw": "-0.848968", "roll": "-2.953338", "pitch": "-0.601650"}, "userAcceleration": {"x": "-1.198943", "z": "2.493416", "y": "-1.885858"}}, {"timestamp": 0.9464542916648497, "attitude": {"roll": "-3.103815", "yaw": "-0.679158", "pitch": "-0.825833"}, "userAcceleration": {"x": "-1.184326", "z": "3.595457", "y": "-2.067281"}}, {"userAcceleration": {"y": "-0.869094", "x": "-0.745613", "z": "4.978189"}, "attitude": {"roll": "-3.062939", "yaw": "-0.321020", "pitch": "-1.031008"}, "timestamp": 0.966591291664372}, {"userAcceleration": {"x": "2.905121", "z": "5.197683", "y": "0.199976"}, "timestamp": 0.9867282916638942, "attitude": {"pitch": "-1.109482", "roll": "-2.447404", "yaw": "0.575589"}}, {"attitude": {"pitch": "-0.762275", "yaw": "1.369702", "roll": "-1.853062"}, "userAcceleration": {"x": "6.880054", "y": "-0.364580", "z": "6.190789"}, "timestamp": 1.006866291663755}, {"attitude": {"pitch": "-0.164677", "yaw": "1.618104", "roll": "-1.648788"}, "timestamp": 1.0270032916669152, "userAcceleration": {"x": "12.146360", "y": "0.855796", "z": "7.462814"}}, {"timestamp": 1.0471402916664374, "userAcceleration": {"x": "18.782888", "y": "-4.157358", "z": "5.821987"}, "attitude": {"yaw": "1.245453", "roll": "-1.139454", "pitch": "0.364107"}}, {"userAcceleration": {"z": "-1.373580", "y": "-12.644403", "x": "24.554007"}, "attitude": {"yaw": "0.626542", "roll": "-0.460199", "pitch": "0.091917"}, "timestamp": 1.0672782916662982}, {"attitude": {"roll": "-0.241998", "yaw": "0.634714", "pitch": "-0.605729"}, "timestamp": 1.0874152916658204, "userAcceleration": {"z": "18.886831", "x": "13.116609", "y": "-12.616572"}}, {"attitude": {"pitch": "-0.623872", "yaw": "1.013291", "roll": "0.129081"}, "timestamp": 1.1075522916653426, "userAcceleration": {"y": "14.119370", "z": "10.166428", "x": "10.795290"}}, {"attitude": {"pitch": "-0.404530", "roll": "0.349476", "yaw": "1.241670"}, "timestamp": 1.1276902916652034, "userAcceleration": {"z": "-2.188421", "x": "5.936452", "y": "-2.653352"}}, {"attitude": {"pitch": "-0.359634", "roll": "0.573383", "yaw": "1.477567"}, "userAcceleration": {"x": "6.062998", "z": "5.781399", "y": "-7.389453"}, "timestamp": 1.1478272916647256}, {"timestamp": 1.1679642916642479, "userAcceleration": {"y": "-1.442267", "z": "1.425835", "x": "8.596336"}, "attitude": {"roll": "0.793004", "yaw": "1.731994", "pitch": "-0.266849"}}, {"timestamp": 1.18810129166377, "userAcceleration": {"x": "11.221205", "y": "1.604693", "z": "-1.962732"}, "attitude": {"pitch": "-0.003263", "yaw": "1.800038", "roll": "0.879360"}}, {"timestamp": 1.2082392916636309, "attitude": {"pitch": "0.444485", "roll": "1.019631", "yaw": "1.600798"}, "userAcceleration": {"x": "8.185408", "y": "7.179276", "z": "-0.707380"}}, {"timestamp": 1.228376291666791, "attitude": {"yaw": "1.350585", "pitch": "0.716661", "roll": "1.338588"}, "userAcceleration": {"y": "0.936915", "x": "3.926191", "z": "0.447107"}}, {"timestamp": 1.2485132916663133, "userAcceleration": {"x": "6.377290", "z": "0.007997", "y": "-6.948863"}, "attitude": {"yaw": "1.534142", "pitch": "0.789233", "roll": "1.328631"}}, {"userAcceleration": {"z": "-3.536848", "x": "6.670640", "y": "3.255877"}, "timestamp": 1.268651291666174, "attitude": {"roll": "1.304426", "pitch": "0.886034", "yaw": "1.670267"}}, {"attitude": {"pitch": "0.965351", "yaw": "1.811511", "roll": "1.273805"}, "userAcceleration": {"z": "-4.064298", "x": "3.357810", "y": "1.534941"}, "timestamp": 1.2887882916656963}, {"attitude": {"roll": "1.119384", "pitch": "0.997727", "yaw": "2.052911"}, "timestamp": 1.3089252916652185, "userAcceleration": {"x": "2.963103", "z": "-2.176201", "y": "1.224488"}}, {"attitude": {"yaw": "2.238813", "roll": "0.984984", "pitch": "0.972498"}, "userAcceleration": {"z": "-1.931458", "x": "2.844838", "y": "2.776521"}, "timestamp": 1.3290632916650793}, {"attitude": {"roll": "0.906668", "pitch": "0.921421", "yaw": "2.345341"}, "userAcceleration": {"y": "2.282668", "z": "-0.561566", "x": "1.609574"}, "timestamp": 1.3492002916646015}, {"timestamp": 1.3693372916641238, "userAcceleration": {"y": "1.650745", "x": "1.106731", "z": "-0.547589"}, "attitude": {"pitch": "0.881728", "yaw": "2.374053", "roll": "0.870315"}}, {"userAcceleration": {"z": "-1.113357", "y": "0.743226", "x": "1.429665"}, "attitude": {"pitch": "0.867566", "yaw": "2.353497", "roll": "0.834912"}, "timestamp": 1.389474291663646}, {"userAcceleration": {"x": "1.335882", "y": "-0.291493", "z": "-0.942518"}, "timestamp": 1.4096122916635068, "attitude": {"yaw": "2.307021", "pitch": "0.867110", "roll": "0.789226"}}, {"attitude": {"yaw": "2.222636", "roll": "0.762008", "pitch": "0.856125"}, "timestamp": 1.429749291666667, "userAcceleration": {"x": "0.794314", "y": "-0.124254", "z": "-0.096597"}}, {"timestamp": 1.4498862916661892, "userAcceleration": {"y": "1.628415", "z": "0.229150", "x": "0.951308"}, "attitude": {"pitch": "0.890234", "yaw": "2.040310", "roll": "0.801612"}}, {"userAcceleration": {"y": "0.992256", "x": "0.933749", "z": "0.558020"}, "timestamp": 1.47002429166605, "attitude": {"roll": "0.903644", "pitch": "0.946454", "yaw": "1.779726"}}, {"attitude": {"roll": "1.038634", "pitch": "0.997036", "yaw": "1.478817"}, "timestamp": 1.4901612916655722, "userAcceleration": {"y": "0.356040", "z": "0.790427", "x": "1.101070"}}, {"attitude": {"roll": "1.150740", "pitch": "1.027816", "yaw": "1.195857"}, "userAcceleration": {"y": "-0.207670", "x": "1.058593", "z": "0.934727"}, "timestamp": 1.5102982916650944}, {"attitude": {"roll": "1.183221", "pitch": "1.030899", "yaw": "0.991573"}, "userAcceleration": {"y": "-0.519192", "x": "1.094972", "z": "0.445411"}, "timestamp": 1.5304352916646167}, {"attitude": {"yaw": "0.783337", "pitch": "1.033146", "roll": "1.208655"}, "timestamp": 1.5505732916644774, "userAcceleration": {"y": "0.602552", "x": "0.968362", "z": "0.176107"}}, {"attitude": {"roll": "1.218088", "pitch": "1.032120", "yaw": "0.588452"}, "timestamp": 1.5707102916639997, "userAcceleration": {"z": "0.207805", "y": "0.425833", "x": "0.888453"}}]