[{"timestamp": 0.5638455416665238, "attitude": {"yaw": "-1.305474", "roll": "-1.351820", "pitch": "-0.215554"}, "userAcceleration": {"z": "-0.481186", "x": "-0.194113", "y": "-0.128912"}}, {"timestamp": 0.5839835416663846, "userAcceleration": {"z": "-0.242088", "y": "0.011671", "x": "-0.155106"}, "attitude": {"pitch": "-0.200049", "yaw": "-1.320275", "roll": "-1.402074"}}, {"attitude": {"pitch": "-0.178942", "yaw": "-1.333326", "roll": "-1.456178"}, "userAcceleration": {"y": "-0.185710", "x": "-0.289804", "z": "-0.227195"}, "timestamp": 0.6041205416659068}, {"timestamp": 0.6242585416657676, "attitude": {"yaw": "-1.338490", "roll": "-1.522001", "pitch": "-0.151460"}, "userAcceleration": {"x": "-0.249502", "y": "-0.449786", "z": "-0.481507"}}, {"timestamp": 0.6443955416671088, "attitude": {"yaw": "-1.324260", "roll": "-1.605168", "pitch": "-0.115191"}, "userAcceleration": {"x": "-0.162304", "y": "-0.238960", "z": "-0.572924"}}, {"userAcceleration": {"z": "-0.535767", "x": "-0.171707", "y": "-0.063310"}, "attitude": {"roll": "-1.701681", "yaw": "-1.278022", "pitch": "-0.075160"}, "timestamp": 0.664532541666631}, {"timestamp": 0.6846705416664918, "attitude": {"yaw": "-1.199907", "pitch": "-0.038263", "roll": "-1.815412"}, "userAcceleration": {"z": "-0.591707", "y": "-0.340683", "x": "-0.138252"}}, {"userAcceleration": {"z": "-0.413367", "y": "-0.540960", "x": "-0.003478"}, "timestamp": 0.704807541666014, "attitude": {"yaw": "-1.099757", "roll": "-1.950694", "pitch": "-0.008840"}}, {"userAcceleration": {"z": "-0.352760", "x": "-0.040619", "y": "-0.656155"}, "attitude": {"pitch": "0.000675", "roll": "-2.099556", "yaw": "-0.975891"}, "timestamp": 0.7249445416673552}, {"userAcceleration": {"z": "-0.298579", "x": "-0.009969", "y": "-0.788037"}, "timestamp": 0.745082541667216, "attitude": {"pitch": "-0.023910", "yaw": "-0.833221", "roll": "-2.255317"}}, {"userAcceleration": {"y": "-1.044189", "x": "0.113758", "z": "-0.124835"}, "timestamp": 0.7652195416667382, "attitude": {"roll": "-2.416544", "pitch": "-0.086487", "yaw": "-0.681679"}}, {"userAcceleration": {"x": "-0.024351", "z": "0.314179", "y": "-1.126733"}, "timestamp": 0.785357541666599, "attitude": {"yaw": "-0.527477", "roll": "-2.575954", "pitch": "-0.187289"}}, {"userAcceleration": {"x": "-0.171766", "y": "-1.410494", "z": "0.867968"}, "timestamp": 0.8054945416661212, "attitude": {"roll": "-2.728097", "pitch": "-0.329317", "yaw": "-0.374420"}}, {"userAcceleration": {"z": "1.382871", "y": "-1.737415", "x": "-0.163652"}, "timestamp": 0.8256315416674624, "attitude": {"pitch": "-0.493865", "roll": "-2.870673", "yaw": "-0.235425"}}, {"timestamp": 0.8457695416673232, "attitude": {"pitch": "-0.659756", "yaw": "-0.104378", "roll": "-2.991935"}, "userAcceleration": {"y": "-2.071390", "x": "-0.139926", "z": "2.083772"}}, {"attitude": {"yaw": "0.079803", "roll": "-3.017319", "pitch": "-0.803168"}, "userAcceleration": {"y": "-2.191071", "z": "3.086757", "x": "-0.497113"}, "timestamp": 0.8659065416668454}, {"attitude": {"roll": "-2.804162", "pitch": "-0.903242", "yaw": "0.439943"}, "timestamp": 0.8860435416663677, "userAcceleration": {"z": "4.068141", "x": "-0.582494", "y": "-1.819258"}}, {"userAcceleration": {"x": "-0.329241", "y": "-0.723850", "z": "4.451870"}, "timestamp": 0.9061815416662284, "attitude": {"roll": "-2.288816", "pitch": "-0.879428", "yaw": "0.963267"}}, {"userAcceleration": {"z": "4.282416", "y": "-1.296226", "x": "0.915924"}, "attitude": {"roll": "-1.566053", "pitch": "-0.701518", "yaw": "1.537317"}, "timestamp": 0.9263185416657507}, {"attitude": {"roll": "-1.190066", "pitch": "-0.361344", "yaw": "1.775964"}, "userAcceleration": {"x": "4.754640", "z": "5.962180", "y": "-1.739076"}, "timestamp": 0.9464565416674304}, {"userAcceleration": {"z": "5.092752", "y": "-5.920480", "x": "9.984119"}, "timestamp": 0.9665935416669527, "attitude": {"roll": "-0.919055", "pitch": "-0.049483", "yaw": "1.806147"}}, {"userAcceleration": {"z": "1.193204", "x": "6.316266", "y": "-7.498104"}, "timestamp": 0.9867305416664749, "attitude": {"roll": "-0.590042", "pitch": "0.172179", "yaw": "1.721394"}}, {"userAcceleration": {"y": "-3.128266", "z": "0.144741", "x": "5.549564"}, "attitude": {"roll": "-0.236321", "yaw": "1.510187", "pitch": "0.292912"}, "timestamp": 1.0068685416663357}, {"attitude": {"yaw": "1.306058", "pitch": "0.036370", "roll": "0.056235"}, "timestamp": 1.027005541665858, "userAcceleration": {"x": "7.621093", "y": "-2.459869", "z": "6.113115"}}, {"timestamp": 1.0471425416671991, "attitude": {"roll": "0.321744", "yaw": "1.408568", "pitch": "-0.627698"}, "userAcceleration": {"z": "7.079631", "x": "2.632545", "y": "-7.160480"}}, {"attitude": {"yaw": "1.819529", "roll": "0.650748", "pitch": "-0.701730"}, "userAcceleration": {"x": "9.533153", "y": "2.038664", "z": "7.876413"}, "timestamp": 1.0672805416670599}, {"timestamp": 1.087417541666582, "attitude": {"yaw": "2.053241", "roll": "0.917586", "pitch": "-0.425902"}, "userAcceleration": {"x": "4.904767", "z": "-1.740040", "y": "4.515049"}}, {"timestamp": 1.1075555416664429, "userAcceleration": {"x": "6.506918", "y": "-0.759526", "z": "1.037118"}, "attitude": {"pitch": "-0.234635", "yaw": "2.113853", "roll": "1.051225"}}, {"userAcceleration": {"x": "4.643932", "y": "2.108817", "z": "-0.956788"}, "timestamp": 1.127692541665965, "attitude": {"roll": "1.164714", "pitch": "-0.076484", "yaw": "2.171117"}}, {"timestamp": 1.1478295416673063, "attitude": {"pitch": "0.036181", "roll": "1.229159", "yaw": "2.200085"}, "userAcceleration": {"x": "4.844786", "y": "0.527399", "z": "-1.647810"}}, {"userAcceleration": {"x": "3.753598", "y": "0.697179", "z": "-1.646351"}, "attitude": {"yaw": "2.202613", "roll": "1.283050", "pitch": "0.132442"}, "timestamp": 1.167967541667167}, {"timestamp": 1.1881045416666893, "userAcceleration": {"y": "1.484980", "z": "-1.476839", "x": "2.916415"}, "attitude": {"pitch": "0.239616", "yaw": "2.198844", "roll": "1.347986"}}, {"userAcceleration": {"z": "-1.450343", "x": "3.025668", "y": "1.224697"}, "timestamp": 1.2082415416662116, "attitude": {"pitch": "0.341398", "yaw": "2.236346", "roll": "1.405187"}}, {"timestamp": 1.2283795416660723, "attitude": {"pitch": "0.396073", "yaw": "2.336490", "roll": "1.409010"}, "userAcceleration": {"y": "0.962824", "z": "-1.894937", "x": "3.368746"}}, {"userAcceleration": {"x": "2.412563", "y": "2.532394", "z": "-1.699176"}, "timestamp": 1.2485165416674135, "attitude": {"yaw": "2.424351", "roll": "1.369287", "pitch": "0.410195"}}, {"attitude": {"yaw": "2.442644", "roll": "1.351159", "pitch": "0.439799"}, "timestamp": 1.2686545416672743, "userAcceleration": {"y": "3.433723", "z": "-1.513246", "x": "1.112612"}}, {"userAcceleration": {"x": "0.741535", "z": "-1.142035", "y": "1.749346"}, "timestamp": 1.2887915416667965, "attitude": {"yaw": "2.433884", "roll": "1.339371", "pitch": "0.464407"}}, {"timestamp": 1.3089285416663188, "userAcceleration": {"z": "-0.240171", "x": "1.268673", "y": "0.552113"}, "attitude": {"yaw": "2.432371", "roll": "1.294801", "pitch": "0.459536"}}, {"userAcceleration": {"x": "1.186494", "y": "0.291274", "z": "0.325435"}, "attitude": {"roll": "1.234065", "pitch": "0.432921", "yaw": "2.426095"}, "timestamp": 1.3290665416661795}, {"userAcceleration": {"z": "0.606405", "y": "0.406304", "x": "0.711687"}, "timestamp": 1.349203874999148, "attitude": {"pitch": "0.405484", "yaw": "2.384583", "roll": "1.189279"}}, {"userAcceleration": {"z": "0.935068", "y": "0.360175", "x": "0.696343"}, "attitude": {"pitch": "0.396632", "yaw": "2.316479", "roll": "1.157739"}, "timestamp": 1.3693408750004892}, {"timestamp": 1.38947887500035, "userAcceleration": {"x": "0.756856", "z": "1.225552", "y": "-0.203598"}, "attitude": {"roll": "1.119778", "pitch": "0.385105", "yaw": "2.253213"}}, {"attitude": {"pitch": "0.355972", "roll": "1.068143", "yaw": "2.204064"}, "timestamp": 1.4096158749998722, "userAcceleration": {"x": "0.615535", "y": "-0.626535", "z": "1.283002"}}, {"attitude": {"yaw": "2.155574", "pitch": "0.321242", "roll": "1.008863"}, "timestamp": 1.429753874999733, "userAcceleration": {"x": "0.510921", "y": "-0.599599", "z": "1.154248"}}, {"timestamp": 1.4498908749992552, "attitude": {"roll": "0.947378", "pitch": "0.294055", "yaw": "2.084515"}, "userAcceleration": {"z": "1.056572", "y": "-0.479909", "x": "0.462280"}}, {"timestamp": 1.4700278750005964, "attitude": {"roll": "0.883872", "pitch": "0.289251", "yaw": "1.995208"}, "userAcceleration": {"x": "0.502374", "y": "-0.333036", "z": "0.963073"}}, {"attitude": {"roll": "0.814788", "yaw": "1.908189", "pitch": "0.298625"}, "timestamp": 1.4901658750004572, "userAcceleration": {"z": "1.002417", "x": "0.508677", "y": "-0.479445"}}, {"timestamp": 1.5103028749999794, "attitude": {"pitch": "0.303991", "yaw": "1.836725", "roll": "0.733272"}, "userAcceleration": {"y": "-0.890336", "z": "1.109358", "x": "0.579569"}}, {"userAcceleration": {"y": "-1.351311", "z": "1.164043", "x": "0.711959"}, "timestamp": 1.5304408749998402, "attitude": {"pitch": "0.292634", "yaw": "1.768027", "roll": "0.638255"}}, {"attitude": {"roll": "0.541886", "pitch": "0.280404", "yaw": "1.693160"}, "userAcceleration": {"z": "0.853779", "y": "-1.144689", "x": "0.512875"}, "timestamp": 1.5505778749993624}]