[{"timestamp": 0.8256336249996821, "attitude": {"yaw": "-1.930871", "roll": "-1.410918", "pitch": "-0.661086"}, "userAcceleration": {"x": "-0.056144", "y": "0.459268", "z": "-0.037656"}}, {"timestamp": 0.8457716249995428, "userAcceleration": {"x": "-0.400084", "y": "-0.176105", "z": "0.084642"}, "attitude": {"pitch": "-0.713580", "yaw": "-1.918525", "roll": "-1.501269"}}, {"timestamp": 0.8659086249990651, "userAcceleration": {"y": "-0.113315", "x": "-0.260563", "z": "-0.187548"}, "attitude": {"roll": "-1.617222", "yaw": "-1.919499", "pitch": "-0.767331"}}, {"userAcceleration": {"y": "-0.433536", "x": "-0.272520", "z": "-0.347144"}, "attitude": {"roll": "-1.753071", "yaw": "-1.933518", "pitch": "-0.815156"}, "timestamp": 0.8860456249985873}, {"timestamp": 0.9061836249984481, "attitude": {"pitch": "-0.852249", "roll": "-1.877639", "yaw": "-1.928793"}, "userAcceleration": {"z": "-0.491013", "y": "-0.398194", "x": "-0.356769"}}, {"userAcceleration": {"x": "-0.338816", "z": "-0.359641", "y": "-0.294418"}, "attitude": {"yaw": "-1.887859", "pitch": "-0.890239", "roll": "-1.976147"}, "timestamp": 0.9263206249997893}, {"attitude": {"pitch": "-0.927775", "roll": "-2.073063", "yaw": "-1.840990"}, "userAcceleration": {"z": "0.076556", "x": "-0.070876", "y": "-0.200755"}, "timestamp": 0.9464586249996501}, {"attitude": {"yaw": "-1.804371", "pitch": "-0.955430", "roll": "-2.183842"}, "timestamp": 0.9665956249991723, "userAcceleration": {"z": "0.349082", "x": "0.133424", "y": "-0.195010"}}, {"timestamp": 0.9867326249986945, "attitude": {"roll": "-2.294167", "pitch": "-0.971985", "yaw": "-1.757462"}, "userAcceleration": {"y": "0.023725", "z": "0.477688", "x": "0.206337"}}, {"timestamp": 1.0068706249985553, "attitude": {"pitch": "-0.979943", "yaw": "-1.687081", "roll": "-2.396464"}, "userAcceleration": {"x": "0.338454", "z": "0.668556", "y": "0.262552"}}, {"userAcceleration": {"z": "0.815693", "x": "0.446628", "y": "0.305902"}, "timestamp": 1.0270076249998965, "attitude": {"yaw": "-1.574514", "roll": "-2.476143", "pitch": "-0.985748"}}, {"timestamp": 1.0471456249997573, "userAcceleration": {"z": "1.117779", "x": "0.809028", "y": "0.435519"}, "attitude": {"pitch": "-0.982397", "roll": "-2.531736", "yaw": "-1.421391"}}, {"attitude": {"yaw": "-1.232371", "roll": "-2.561044", "pitch": "-0.966483"}, "timestamp": 1.0672826249992795, "userAcceleration": {"x": "1.209748", "z": "1.518196", "y": "0.580718"}}, {"timestamp": 1.0874196249988017, "attitude": {"pitch": "-0.939010", "yaw": "-1.008307", "roll": "-2.559377"}, "userAcceleration": {"y": "0.458148", "x": "1.640134", "z": "2.153152"}}, {"timestamp": 1.1075576249986625, "userAcceleration": {"y": "0.236259", "z": "2.940594", "x": "2.043597"}, "attitude": {"yaw": "-0.748452", "pitch": "-0.896776", "roll": "-2.516899"}}, {"attitude": {"yaw": "-0.489819", "pitch": "-0.792001", "roll": "-2.433582"}, "timestamp": 1.1276946250000037, "userAcceleration": {"z": "3.374954", "y": "0.147569", "x": "2.431457"}}, {"timestamp": 1.1478326249998645, "userAcceleration": {"y": "0.497727", "z": "3.091969", "x": "2.919361"}, "attitude": {"pitch": "-0.616484", "yaw": "-0.257689", "roll": "-2.291398"}}, {"attitude": {"pitch": "-0.367865", "yaw": "-0.098234", "roll": "-2.110242"}, "userAcceleration": {"x": "3.941751", "y": "0.519389", "z": "2.990325"}, "timestamp": 1.1679696249993867}, {"attitude": {"yaw": "-0.048972", "roll": "-1.887132", "pitch": "-0.054781"}, "userAcceleration": {"z": "3.077229", "y": "0.204645", "x": "5.615719"}, "timestamp": 1.1881076249992475}, {"timestamp": 1.2082446249987697, "userAcceleration": {"y": "-0.829523", "z": "1.903407", "x": "7.804245"}, "attitude": {"roll": "-1.566934", "yaw": "-0.079592", "pitch": "0.273594"}}, {"timestamp": 1.228381625000111, "attitude": {"roll": "-1.052512", "yaw": "-0.359265", "pitch": "0.486524"}, "userAcceleration": {"z": "-1.726552", "x": "10.340718", "y": "-1.882771"}}, {"timestamp": 1.2485196249999717, "attitude": {"yaw": "-0.715042", "roll": "-0.493332", "pitch": "0.410881"}, "userAcceleration": {"x": "9.085333", "y": "-3.338010", "z": "-5.939464"}}, {"attitude": {"pitch": "0.174509", "roll": "-0.129583", "yaw": "-0.919323"}, "userAcceleration": {"x": "4.580917", "z": "-2.708412", "y": "-1.288488"}, "timestamp": 1.268656624999494}, {"timestamp": 1.2887946249993547, "attitude": {"yaw": "-0.857679", "pitch": "-0.163059", "roll": "0.012245"}, "userAcceleration": {"z": "1.185590", "x": "4.365512", "y": "-7.001830"}}, {"timestamp": 1.308931624998877, "userAcceleration": {"x": "-0.001574", "z": "4.678182", "y": "1.956456"}, "attitude": {"roll": "0.294511", "pitch": "-0.310919", "yaw": "-0.618448"}}, {"userAcceleration": {"y": "-5.310544", "x": "4.021018", "z": "5.386426"}, "timestamp": 1.3290686249983992, "attitude": {"roll": "0.578977", "yaw": "-0.325089", "pitch": "-0.335107"}}, {"timestamp": 1.349206625000079, "userAcceleration": {"x": "5.698871", "y": "0.948056", "z": "4.298012"}, "attitude": {"yaw": "-0.060886", "roll": "0.827429", "pitch": "-0.219098"}}, {"attitude": {"pitch": "-0.059031", "roll": "0.998602", "yaw": "0.085700"}, "timestamp": 1.3693436249996012, "userAcceleration": {"x": "5.566267", "z": "1.914604", "y": "-0.067466"}}, {"userAcceleration": {"y": "0.703677", "z": "0.838914", "x": "4.674518"}, "timestamp": 1.389481624999462, "attitude": {"roll": "1.148289", "pitch": "0.105315", "yaw": "0.159520"}}, {"timestamp": 1.4096186249989842, "attitude": {"pitch": "0.256785", "yaw": "0.215486", "roll": "1.279037"}, "userAcceleration": {"y": "-0.888789", "z": "-0.213783", "x": "4.822351"}}, {"attitude": {"roll": "1.347965", "yaw": "0.297950", "pitch": "0.383885"}, "timestamp": 1.4297556249985064, "userAcceleration": {"x": "5.354253", "z": "-1.099094", "y": "-1.703310"}}, {"attitude": {"roll": "1.375189", "pitch": "0.493969", "yaw": "0.380869"}, "timestamp": 1.4498936250001861, "userAcceleration": {"y": "-0.323315", "x": "4.696757", "z": "-1.345336"}}, {"userAcceleration": {"z": "-0.937190", "y": "0.327317", "x": "4.085505"}, "timestamp": 1.4700306249997084, "attitude": {"yaw": "0.437539", "pitch": "0.602398", "roll": "1.390746"}}, {"userAcceleration": {"z": "-0.621304", "y": "0.092844", "x": "3.371293"}, "timestamp": 1.4901686249995691, "attitude": {"yaw": "0.492242", "roll": "1.401845", "pitch": "0.706345"}}, {"timestamp": 1.5103056249990914, "attitude": {"roll": "1.406196", "pitch": "0.807732", "yaw": "0.555343"}, "userAcceleration": {"z": "-0.336275", "x": "2.968486", "y": "0.032399"}}, {"attitude": {"yaw": "0.630617", "roll": "1.391447", "pitch": "0.906421"}, "timestamp": 1.5304426249986136, "userAcceleration": {"x": "2.730328", "y": "-0.050772", "z": "-0.223385"}}, {"attitude": {"roll": "1.359281", "pitch": "1.002592", "yaw": "0.712472"}, "userAcceleration": {"x": "2.325069", "y": "0.170063", "z": "-0.273394"}, "timestamp": 1.5505806249984744}, {"attitude": {"roll": "1.312398", "pitch": "1.097292", "yaw": "0.796995"}, "userAcceleration": {"x": "1.981968", "z": "-0.246360", "y": "0.495917"}, "timestamp": 1.5707176249998156}, {"userAcceleration": {"x": "1.686676", "y": "0.711120", "z": "-0.187242"}, "attitude": {"yaw": "0.894865", "roll": "1.244887", "pitch": "1.187152"}, "timestamp": 1.5908556249996764}, {"attitude": {"roll": "1.135044", "pitch": "1.267471", "yaw": "1.031687"}, "timestamp": 1.6109926249991986, "userAcceleration": {"x": "1.573149", "y": "0.698596", "z": "-0.160361"}}, {"timestamp": 1.631129666666311, "attitude": {"yaw": "1.215575", "pitch": "1.336754", "roll": "0.965378"}, "userAcceleration": {"x": "1.623012", "y": "0.853260", "z": "-0.134192"}}, {"userAcceleration": {"z": "-0.326796", "x": "1.494932", "y": "1.504277"}, "timestamp": 1.6512676666661719, "attitude": {"yaw": "1.414256", "roll": "0.759032", "pitch": "1.403889"}}, {"timestamp": 1.671404666665694, "userAcceleration": {"x": "1.134871", "y": "1.618851", "z": "-0.462151"}, "attitude": {"roll": "0.515746", "yaw": "1.636302", "pitch": "1.473181"}}, {"attitude": {"yaw": "2.162347", "pitch": "1.529332", "roll": "-0.032684"}, "timestamp": 1.6915426666655549, "userAcceleration": {"x": "0.862332", "y": "1.235713", "z": "-0.422816"}}, {"timestamp": 1.711679666665077, "attitude": {"roll": "-1.604795", "pitch": "1.535252", "yaw": "-2.576595"}, "userAcceleration": {"x": "0.860047", "y": "1.023157", "z": "-0.398471"}}, {"timestamp": 1.7318176666667568, "userAcceleration": {"x": "0.880014", "y": "0.988964", "z": "-0.212127"}, "attitude": {"pitch": "1.522550", "yaw": "-2.315530", "roll": "-1.905090"}}, {"userAcceleration": {"y": "0.457883", "x": "0.224181", "z": "0.276213"}, "attitude": {"yaw": "2.425644", "roll": "-0.414988", "pitch": "1.537110"}, "timestamp": 1.751954666666279}, {"userAcceleration": {"y": "1.527921", "z": "-0.384863", "x": "0.746542"}, "timestamp": 1.7720916666658013, "attitude": {"pitch": "1.517181", "yaw": "1.547283", "roll": "0.412381"}}, {"attitude": {"roll": "0.826020", "pitch": "1.469375", "yaw": "1.080730"}, "userAcceleration": {"z": "-0.149315", "x": "0.504187", "y": "0.692676"}, "timestamp": 1.792229666665662}, {"timestamp": 1.8123666666651843, "attitude": {"yaw": "0.814864", "roll": "1.032835", "pitch": "1.403329"}, "userAcceleration": {"x": "0.603088", "y": "0.724947", "z": "-0.035579"}}]