[{"timestamp": 0.7249274583336955, "attitude": {"yaw": "2.906434", "pitch": "-0.097857", "roll": "-0.909733"}, "userAcceleration": {"y": "-1.437621", "z": "-0.802769", "x": "0.383952"}}, {"userAcceleration": {"y": "-1.115703", "x": "0.556879", "z": "-0.758968"}, "attitude": {"yaw": "2.870742", "pitch": "-0.107487", "roll": "-1.022414"}, "timestamp": 0.7450644583332178}, {"userAcceleration": {"x": "0.692269", "y": "-1.297235", "z": "-0.582021"}, "timestamp": 0.76520145833274, "attitude": {"pitch": "-0.114993", "roll": "-1.135957", "yaw": "2.854284"}}, {"timestamp": 0.7853374583319237, "userAcceleration": {"x": "0.707752", "y": "-1.490770", "z": "-0.337645"}, "attitude": {"pitch": "-0.128575", "yaw": "2.840616", "roll": "-1.246890"}}, {"userAcceleration": {"x": "0.687835", "y": "-1.298853", "z": "-0.317009"}, "timestamp": 0.8054744583350839, "attitude": {"pitch": "-0.146391", "yaw": "2.837230", "roll": "-1.354547"}}, {"timestamp": 0.8256114583346061, "attitude": {"yaw": "2.842534", "roll": "-1.459809", "pitch": "-0.167383"}, "userAcceleration": {"y": "-1.250602", "z": "-0.290294", "x": "0.745079"}}, {"attitude": {"pitch": "-0.192679", "roll": "-1.571671", "yaw": "2.834064"}, "userAcceleration": {"y": "-1.484046", "z": "-0.063756", "x": "0.848636"}, "timestamp": 0.8457484583341284}, {"timestamp": 0.8658854583336506, "attitude": {"roll": "-1.688658", "yaw": "2.817541", "pitch": "-0.215267"}, "userAcceleration": {"y": "-1.445572", "z": "0.188317", "x": "0.759754"}}, {"userAcceleration": {"y": "-1.079205", "x": "0.694700", "z": "-0.070802"}, "timestamp": 0.8860224583331728, "attitude": {"yaw": "2.826926", "roll": "-1.807383", "pitch": "-0.238441"}}, {"timestamp": 0.9061594583326951, "userAcceleration": {"x": "0.631617", "y": "-0.789140", "z": "-0.191153"}, "attitude": {"pitch": "-0.269154", "yaw": "2.866208", "roll": "-1.927229"}}, {"attitude": {"pitch": "-0.301531", "yaw": "2.915531", "roll": "-2.053272"}, "userAcceleration": {"x": "0.676754", "z": "-0.072771", "y": "-0.743958"}, "timestamp": 0.9262954583318788}, {"timestamp": 0.946432458335039, "attitude": {"pitch": "-0.334969", "yaw": "2.967953", "roll": "-2.181720"}, "userAcceleration": {"z": "0.117559", "x": "0.704745", "y": "-0.889912"}}, {"timestamp": 0.9665694583345612, "attitude": {"roll": "-2.308708", "pitch": "-0.387724", "yaw": "3.047627"}, "userAcceleration": {"x": "0.651462", "y": "-0.725800", "z": "-0.146490"}}, {"timestamp": 0.9867064583340834, "userAcceleration": {"x": "0.785712", "y": "-0.803402", "z": "-0.039358"}, "attitude": {"roll": "-2.431924", "pitch": "-0.478686", "yaw": "-3.117538"}}, {"attitude": {"pitch": "-0.610630", "yaw": "-2.979833", "roll": "-2.560704"}, "userAcceleration": {"x": "1.050962", "z": "0.475558", "y": "-1.122654"}, "timestamp": 1.0068434583336057}, {"userAcceleration": {"z": "1.529539", "x": "1.164093", "y": "-1.639552"}, "timestamp": 1.026980458333128, "attitude": {"pitch": "-0.749246", "yaw": "-2.860661", "roll": "-2.720877"}}, {"attitude": {"roll": "-2.921643", "yaw": "-2.772383", "pitch": "-0.889924"}, "userAcceleration": {"y": "-1.851059", "z": "2.752759", "x": "1.227136"}, "timestamp": 1.0471174583326501}, {"attitude": {"pitch": "-1.021947", "yaw": "-2.666728", "roll": "-3.107547"}, "userAcceleration": {"y": "-1.369131", "z": "4.274906", "x": "1.440747"}, "timestamp": 1.0672534583318338}, {"userAcceleration": {"y": "2.800253", "z": "6.433620", "x": "0.626858"}, "timestamp": 1.087390458334994, "attitude": {"yaw": "-2.300181", "roll": "-3.013624", "pitch": "-1.072434"}}, {"userAcceleration": {"z": "7.712042", "y": "5.299189", "x": "1.373296"}, "timestamp": 1.1075274583345163, "attitude": {"yaw": "-1.603009", "roll": "-2.490158", "pitch": "-0.983018"}}, {"attitude": {"yaw": "-0.955082", "roll": "-1.927139", "pitch": "-0.699521"}, "userAcceleration": {"y": "1.636056", "x": "7.819836", "z": "8.077148"}, "timestamp": 1.1276644583340385}, {"attitude": {"roll": "-1.575146", "pitch": "-0.226493", "yaw": "-0.715956"}, "timestamp": 1.1478014583335607, "userAcceleration": {"x": "12.427210", "y": "-1.125715", "z": "8.710132"}}, {"attitude": {"yaw": "-0.846064", "roll": "-1.041490", "pitch": "0.205708"}, "timestamp": 1.167938458333083, "userAcceleration": {"y": "-6.086755", "z": "5.389492", "x": "15.061115"}}, {"userAcceleration": {"z": "6.502361", "y": "-7.539007", "x": "16.931522"}, "attitude": {"pitch": "0.236680", "yaw": "-1.219476", "roll": "-0.283282"}, "timestamp": 1.1880754583326052}, {"timestamp": 1.208211458331789, "attitude": {"yaw": "-1.397547", "pitch": "-0.075194", "roll": "0.283881"}, "userAcceleration": {"z": "6.818149", "x": "21.784306", "y": "0.501125"}}, {"timestamp": 1.228348458334949, "attitude": {"pitch": "-0.539764", "yaw": "-1.115032", "roll": "0.589214"}, "userAcceleration": {"x": "11.095365", "y": "-10.361422", "z": "13.441162"}}, {"timestamp": 1.2484854583344713, "attitude": {"pitch": "-0.324229", "roll": "0.873652", "yaw": "-0.888462"}, "userAcceleration": {"y": "8.478740", "x": "6.686064", "z": "-3.309710"}}, {"attitude": {"yaw": "-0.758385", "pitch": "-0.106008", "roll": "1.029096"}, "userAcceleration": {"x": "7.267056", "z": "1.198948", "y": "-5.094609"}, "timestamp": 1.2686224583339936}, {"userAcceleration": {"y": "-0.101181", "x": "5.539639", "z": "0.152898"}, "timestamp": 1.2887594583335158, "attitude": {"pitch": "0.110715", "roll": "1.122383", "yaw": "-0.679989"}}, {"attitude": {"pitch": "0.277541", "yaw": "-0.642252", "roll": "1.241463"}, "timestamp": 1.308896458333038, "userAcceleration": {"y": "-1.059840", "z": "-1.377944", "x": "4.766910"}}, {"userAcceleration": {"y": "-0.630175", "x": "6.845572", "z": "-2.544668"}, "timestamp": 1.3290324583322217, "attitude": {"pitch": "0.442658", "roll": "1.310701", "yaw": "-0.658214"}}, {"timestamp": 1.349169458335382, "attitude": {"roll": "1.391263", "pitch": "0.624729", "yaw": "-0.806574"}, "userAcceleration": {"y": "1.001885", "z": "-3.012887", "x": "5.568828"}}, {"attitude": {"yaw": "-1.075574", "roll": "1.585670", "pitch": "0.772211"}, "userAcceleration": {"x": "4.115100", "y": "-0.257555", "z": "-2.290607"}, "timestamp": 1.3693064583349042}, {"timestamp": 1.3894434583344264, "userAcceleration": {"z": "-1.933113", "x": "3.833610", "y": "-1.564369"}, "attitude": {"pitch": "0.851935", "yaw": "-1.311846", "roll": "1.783519"}}, {"userAcceleration": {"z": "-2.752850", "x": "3.488197", "y": "-1.470344"}, "timestamp": 1.4095804583339486, "attitude": {"pitch": "0.908301", "yaw": "-1.472042", "roll": "1.915981"}}, {"attitude": {"yaw": "-1.655448", "roll": "2.064943", "pitch": "0.951155"}, "userAcceleration": {"x": "2.489873", "z": "-3.288954", "y": "0.009857"}, "timestamp": 1.4297174583334709}, {"timestamp": 1.449854458332993, "attitude": {"roll": "2.195916", "pitch": "0.985929", "yaw": "-1.814912"}, "userAcceleration": {"y": "0.059310", "z": "-2.438024", "x": "1.573586"}}, {"userAcceleration": {"z": "-2.235637", "x": "1.477145", "y": "-0.103755"}, "timestamp": 1.469990333334863, "attitude": {"roll": "2.267283", "pitch": "1.034623", "yaw": "-1.905506"}}, {"timestamp": 1.4901273333343852, "attitude": {"roll": "2.276690", "pitch": "1.100686", "yaw": "-1.929630"}, "userAcceleration": {"z": "-1.897297", "x": "1.424795", "y": "0.210061"}}, {"timestamp": 1.5102643333339074, "userAcceleration": {"x": "1.096905", "y": "0.536994", "z": "-1.478964"}, "attitude": {"pitch": "1.177025", "roll": "2.220462", "yaw": "-1.888470"}}, {"timestamp": 1.5304013333334296, "attitude": {"yaw": "-1.788325", "roll": "2.097645", "pitch": "1.246108"}, "userAcceleration": {"x": "0.837313", "y": "0.859966", "z": "-0.891910"}}, {"userAcceleration": {"z": "-0.577200", "x": "0.863742", "y": "0.730705"}, "attitude": {"yaw": "-1.590021", "pitch": "1.296808", "roll": "1.870509"}, "timestamp": 1.5505383333329519}, {"userAcceleration": {"z": "-0.271026", "x": "0.739325", "y": "0.603062"}, "timestamp": 1.570675333332474, "attitude": {"yaw": "-1.288370", "roll": "1.536471", "pitch": "1.315462"}}, {"userAcceleration": {"y": "0.447614", "x": "0.696174", "z": "-0.188280"}, "timestamp": 1.5908123333319963, "attitude": {"pitch": "1.298978", "yaw": "-1.001797", "roll": "1.214226"}}, {"attitude": {"pitch": "1.254079", "yaw": "-0.803726", "roll": "0.975265"}, "userAcceleration": {"y": "0.208808", "z": "-0.003424", "x": "0.718012"}, "timestamp": 1.610948333334818}, {"userAcceleration": {"x": "0.599116", "y": "0.357948", "z": "0.168101"}, "timestamp": 1.6310853333343402, "attitude": {"yaw": "-0.709657", "pitch": "1.196786", "roll": "0.834254"}}, {"timestamp": 1.6512223333338625, "userAcceleration": {"y": "0.219781", "z": "0.235011", "x": "0.593894"}, "attitude": {"pitch": "1.139028", "yaw": "-0.690507", "roll": "0.758424"}}, {"attitude": {"pitch": "1.090775", "yaw": "-0.721184", "roll": "0.721120"}, "timestamp": 1.6713593333333847, "userAcceleration": {"y": "-0.005899", "x": "0.662500", "z": "0.316477"}}, {"attitude": {"pitch": "1.055742", "roll": "0.719490", "yaw": "-0.799799"}, "userAcceleration": {"z": "0.455895", "x": "0.524021", "y": "-0.155445"}, "timestamp": 1.691496333332907}, {"timestamp": 1.7116333333324292, "userAcceleration": {"x": "0.496684", "z": "0.532554", "y": "-0.097179"}, "attitude": {"pitch": "1.032773", "yaw": "-0.908460", "roll": "0.736759"}}]